  0
SECTION
  2
HEADER
  9
$ACADVER
  1
AC1024
  9
$ACADMAINTVER
 70
     6
  9
$DWGCODEPAGE
  3
ANSI_1252
  9
$LASTSAVEDBY
  1
andrew
  9
$INSBASE
 10
0.0
 20
0.0
 30
0.0
  9
$EXTMIN
 10
0.0
 20
-10.36666666666667
 30
0.0
  9
$EXTMAX
 10
7.566666599999995
 20
0.0
 30
0.0
  9
$LIMMIN
 10
0.0
 20
0.0
  9
$LIMMAX
 10
12.0
 20
9.0
  9
$ORTHOMODE
 70
     0
  9
$REGENMODE
 70
     1
  9
$FILLMODE
 70
     1
  9
$QTEXTMODE
 70
     0
  9
$MIRRTEXT
 70
     1
  9
$LTSCALE
 40
1.0
  9
$ATTMODE
 70
     1
  9
$TEXTSIZE
 40
2.5
  9
$TRACEWID
 40
0.05
  9
$TEXTSTYLE
  7
Standard
  9
$CLAYER
  8
Room Sizes
  9
$CELTYPE
  6
ByLayer
  9
$CECOLOR
 62
   178
  9
$CELTSCALE
 40
1.0
  9
$DISPSILH
 70
     0
  9
$DIMSCALE
 40
1.0
  9
$DIMASZ
 40
0.2
  9
$DIMEXO
 40
0.05
  9
$DIMDLI
 40
0.4
  9
$DIMRND
 40
0.0
  9
$DIMDLE
 40
0.0
  9
$DIMEXE
 40
0.1
  9
$DIMTP
 40
0.0
  9
$DIMTM
 40
0.0
  9
$DIMTXT
 40
0.2
  9
$DIMCEN
 40
0.09
  9
$DIMTSZ
 40
0.0
  9
$DIMTOL
 70
     0
  9
$DIMLIM
 70
     0
  9
$DIMTIH
 70
     0
  9
$DIMTOH
 70
     1
  9
$DIMSE1
 70
     0
  9
$DIMSE2
 70
     0
  9
$DIMTAD
 70
     1
  9
$DIMZIN
 70
     8
  9
$DIMBLK
  1

  9
$DIMASO
 70
     1
  9
$DIMSHO
 70
     1
  9
$DIMPOST
  1

  9
$DIMAPOST
  1

  9
$DIMALT
 70
     0
  9
$DIMALTD
 70
     2
  9
$DIMALTF
 40
25.4
  9
$DIMLFAC
 40
1.0
  9
$DIMTOFL
 70
     0
  9
$DIMTVP
 40
0.0
  9
$DIMTIX
 70
     0
  9
$DIMSOXD
 70
     0
  9
$DIMSAH
 70
     0
  9
$DIMBLK1
  1

  9
$DIMBLK2
  1

  9
$DIMSTYLE
  2
Standard
  9
$DIMCLRD
 70
   178
  9
$DIMCLRE
 70
   178
  9
$DIMCLRT
 70
     0
  9
$DIMTFAC
 40
1.0
  9
$DIMGAP
 40
0.05
  9
$DIMJUST
 70
     0
  9
$DIMSD1
 70
     0
  9
$DIMSD2
 70
     0
  9
$DIMTOLJ
 70
     1
  9
$DIMTZIN
 70
     0
  9
$DIMALTZ
 70
     0
  9
$DIMALTTZ
 70
     0
  9
$DIMUPT
 70
     0
  9
$DIMDEC
 70
     4
  9
$DIMTDEC
 70
     4
  9
$DIMALTU
 70
     2
  9
$DIMALTTD
 70
     2
  9
$DIMTXSTY
  7
Standard
  9
$DIMAUNIT
 70
     0
  9
$DIMADEC
 70
     2
  9
$DIMALTRND
 40
0.0
  9
$DIMAZIN
 70
     0
  9
$DIMDSEP
 70
    46
  9
$DIMATFIT
 70
     3
  9
$DIMFRAC
 70
     0
  9
$DIMLDRBLK
  1

  9
$DIMLUNIT
 70
     2
  9
$DIMLWD
 70
    -2
  9
$DIMLWE
 70
    -2
  9
$DIMTMOVE
 70
     0
  9
$DIMFXL
 40
1.0
  9
$DIMFXLON
 70
     0
  9
$DIMJOGANG
 40
0.7853981633974483
  9
$DIMTFILL
 70
     0
  9
$DIMTFILLCLR
 70
     0
  9
$DIMARCSYM
 70
     0
  9
$DIMLTYPE
  6

  9
$DIMLTEX1
  6

  9
$DIMLTEX2
  6

  9
$DIMTXTDIRECTION
 70
     0
  9
$LUNITS
 70
     2
  9
$LUPREC
 70
     4
  9
$SKETCHINC
 40
0.1
  9
$FILLETRAD
 40
0.5
  9
$AUNITS
 70
     0
  9
$AUPREC
 70
     2
  9
$MENU
  1
.
  9
$ELEVATION
 40
0.0
  9
$PELEVATION
 40
0.0
  9
$THICKNESS
 40
0.0
  9
$LIMCHECK
 70
     0
  9
$CHAMFERA
 40
0.5
  9
$CHAMFERB
 40
0.5
  9
$CHAMFERC
 40
1.0
  9
$CHAMFERD
 40
0.0
  9
$SKPOLY
 70
     0
  9
$TDCREATE
 40
2460519.842716412
  9
$TDUCREATE
 40
2460519.801049745
  9
$TDUPDATE
 40
2460519.84271662
  9
$TDUUPDATE
 40
2460519.801049954
  9
$TDINDWG
 40
0.0000000116
  9
$TDUSRTIMER
 40
0.0000000116
  9
$USRTIMER
 70
     1
  9
$ANGBASE
 50
0.0
  9
$ANGDIR
 70
     0
  9
$PDMODE
 70
     0
  9
$PDSIZE
 40
0.0
  9
$PLINEWID
 40
0.0
  9
$SPLFRAME
 70
     0
  9
$SPLINETYPE
 70
     6
  9
$SPLINESEGS
 70
     8
  9
$HANDSEED
  5
F69
  9
$SURFTAB1
 70
     6
  9
$SURFTAB2
 70
     6
  9
$SURFTYPE
 70
     6
  9
$SURFU
 70
     6
  9
$SURFV
 70
     6
  9
$UCSBASE
  2

  9
$UCSNAME
  2

  9
$UCSORG
 10
0.0
 20
0.0
 30
0.0
  9
$UCSXDIR
 10
1.0
 20
0.0
 30
0.0
  9
$UCSYDIR
 10
0.0
 20
1.0
 30
0.0
  9
$UCSORTHOREF
  2

  9
$UCSORTHOVIEW
 70
     0
  9
$UCSORGTOP
 10
0.0
 20
0.0
 30
0.0
  9
$UCSORGBOTTOM
 10
0.0
 20
0.0
 30
0.0
  9
$UCSORGLEFT
 10
0.0
 20
0.0
 30
0.0
  9
$UCSORGRIGHT
 10
0.0
 20
0.0
 30
0.0
  9
$UCSORGFRONT
 10
0.0
 20
0.0
 30
0.0
  9
$UCSORGBACK
 10
0.0
 20
0.0
 30
0.0
  9
$PUCSBASE
  2

  9
$PUCSNAME
  2

  9
$PUCSORG
 10
0.0
 20
0.0
 30
0.0
  9
$PUCSXDIR
 10
1.0
 20
0.0
 30
0.0
  9
$PUCSYDIR
 10
0.0
 20
1.0
 30
0.0
  9
$PUCSORTHOREF
  2

  9
$PUCSORTHOVIEW
 70
     0
  9
$PUCSORGTOP
 10
0.0
 20
0.0
 30
0.0
  9
$PUCSORGBOTTOM
 10
0.0
 20
0.0
 30
0.0
  9
$PUCSORGLEFT
 10
0.0
 20
0.0
 30
0.0
  9
$PUCSORGRIGHT
 10
0.0
 20
0.0
 30
0.0
  9
$PUCSORGFRONT
 10
0.0
 20
0.0
 30
0.0
  9
$PUCSORGBACK
 10
0.0
 20
0.0
 30
0.0
  9
$USERI1
 70
     0
  9
$USERI2
 70
     0
  9
$USERI3
 70
     0
  9
$USERI4
 70
     0
  9
$USERI5
 70
     0
  9
$USERR1
 40
0.0
  9
$USERR2
 40
0.0
  9
$USERR3
 40
0.0
  9
$USERR4
 40
0.0
  9
$USERR5
 40
0.0
  9
$WORLDVIEW
 70
     1
  9
$SHADEDGE
 70
     3
  9
$SHADEDIF
 70
    70
  9
$TILEMODE
 70
     1
  9
$MAXACTVP
 70
    64
  9
$PINSBASE
 10
0.0
 20
0.0
 30
0.0
  9
$PLIMCHECK
 70
     0
  9
$PEXTMIN
 10
0.0
 20
0.0
 30
0.0
  9
$PEXTMAX
 10
0.0
 20
0.0
 30
0.0
  9
$PLIMMIN
 10
-20.0
 20
-7.5
  9
$PLIMMAX
 10
277.0
 20
202.5
  9
$UNITMODE
 70
     0
  9
$VISRETAIN
 70
     1
  9
$PLINEGEN
 70
     0
  9
$PSLTSCALE
 70
     1
  9
$TREEDEPTH
 70
  3020
  9
$CMLSTYLE
  2
Standard
  9
$CMLJUST
 70
     0
  9
$CMLSCALE
 40
1.0
  9
$PROXYGRAPHICS
 70
     1
  9
$MEASUREMENT
 70
     1
  9
$CELWEIGHT
370
    -1
  9
$ENDCAPS
280
     0
  9
$JOINSTYLE
280
     0
  9
$LWDISPLAY
290
     0
  9
$INSUNITS
 70
     6
  9
$HYPERLINKBASE
  1

  9
$STYLESHEET
  1

  9
$XEDIT
290
     1
  9
$CEPSNTYPE
380
     0
  9
$PSTYLEMODE
290
     1
  9
$FINGERPRINTGUID
  2
{8eea700e-4917-5041-a52f-bc0b8dfa234b}
  9
$VERSIONGUID
  2
{FAEB1C32-E019-11D5-929B-00C0DF256EC4}
  9
$EXTNAMES
290
     1
  9
$PSVPSCALE
 40
0.0
  9
$OLESTARTUP
290
     0
  9
$SORTENTS
280
   127
  9
$INDEXCTL
280
     0
  9
$HIDETEXT
280
     1
  9
$XCLIPFRAME
280
     2
  9
$HALOGAP
280
     0
  9
$OBSCOLOR
 70
   257
  9
$OBSLTYPE
280
     0
  9
$INTERSECTIONDISPLAY
280
     0
  9
$INTERSECTIONCOLOR
 70
   257
  9
$DIMASSOC
280
     2
  9
$PROJECTNAME
  1

  9
$CAMERADISPLAY
290
     0
  9
$LENSLENGTH
 40
50.0
  9
$CAMERAHEIGHT
 40
0.0
  9
$STEPSPERSEC
 40
2.0
  9
$STEPSIZE
 40
6.0
  9
$3DDWFPREC
 40
2.0
  9
$PSOLWIDTH
 40
0.25
  9
$PSOLHEIGHT
 40
4.0
  9
$LOFTANG1
 40
1.570796326794897
  9
$LOFTANG2
 40
1.570796326794897
  9
$LOFTMAG1
 40
0.0
  9
$LOFTMAG2
 40
0.0
  9
$LOFTPARAM
 70
     7
  9
$LOFTNORMALS
280
     1
  9
$LATITUDE
 40
37.795
  9
$LONGITUDE
 40
-122.394
  9
$NORTHDIRECTION
 40
0.0
  9
$TIMEZONE
 70
 -8000
  9
$LIGHTGLYPHDISPLAY
280
     1
  9
$TILEMODELIGHTSYNCH
280
     1
  9
$CMATERIAL
347
E70
  9
$SOLIDHIST
280
     0
  9
$SHOWHIST
280
     1
  9
$DWFFRAME
280
     2
  9
$DGNFRAME
280
     2
  9
$REALWORLDSCALE
290
     1
  9
$INTERFERECOLOR
 62
   256
  9
$CSHADOW
280
     0
  9
$SHADOWPLANELOCATION
 40
0.0
  0
ENDSEC
  0
SECTION
  2
CLASSES
  0
CLASS
  1
ACDBDICTIONARYWDFLT
  2
AcDbDictionaryWithDefault
  3
ObjectDBX Classes
 90
        0
 91
        3
280
     0
281
     0
  0
CLASS
  1
VISUALSTYLE
  2
AcDbVisualStyle
  3
ObjectDBX Classes
 90
     4095
 91
        3
280
     0
281
     0
  0
CLASS
  1
MATERIAL
  2
AcDbMaterial
  3
ObjectDBX Classes
 90
     1153
 91
        3
280
     0
281
     0
  0
CLASS
  1
SCALE
  2
AcDbScale
  3
ObjectDBX Classes
 90
     1153
 91
        3
280
     0
281
     0
  0
CLASS
  1
TABLESTYLE
  2
AcDbTableStyle
  3
ObjectDBX Classes
 90
     4095
 91
        3
280
     0
281
     0
  0
CLASS
  1
MLEADERSTYLE
  2
AcDbMLeaderStyle
  3
ACDB_MLEADERSTYLE_CLASS
 90
     4095
 91
        3
280
     0
281
     0
  0
CLASS
  1
SUN
  2
AcDbSun
  3
SCENEOE
 90
     1153
 91
        3
280
     0
281
     0
  0
CLASS
  1
RASTERVARIABLES
  2
AcDbRasterVariables
  3
ISM
 90
        0
 91
        3
280
     0
281
     0
  0
CLASS
  1
DICTIONARYVAR
  2
AcDbDictionaryVar
  3
ObjectDBX Classes
 90
        0
 91
        3
280
     0
281
     0
  0
CLASS
  1
CELLSTYLEMAP
  2
AcDbCellStyleMap
  3
ObjectDBX Classes
 90
     1152
 91
        3
280
     0
281
     0
  0
ENDSEC
  0
SECTION
  2
TABLES
  0
TABLE
  2
VPORT
  5
E35
330
0
100
AcDbSymbolTable
 70
     1
  0
VPORT
  5
E55
330
E35
100
AcDbSymbolTableRecord
100
AcDbViewportTableRecord
  2
*Active
 70
     0
 10
0.0
 20
0.0
 11
1.0
 21
1.0
 12
3.783333299999996
 22
-5.183333333333334
 13
0.0
 23
0.0
 14
0.5
 24
0.5
 15
0.5
 25
0.5
 16
0.0
 26
0.0
 36
1.0
 17
0.0
 27
0.0
 37
0.0
 40
15.86660720601238
 41
1.772963604852686
 42
50.0
 43
0.0
 44
0.0
 50
0.0
 51
0.0
 71
     0
 72
   100
 73
     1
 74
     3
 75
     0
 76
     0
 77
     0
 78
     0
281
     0
 65
     1
110
0.0
120
0.0
130
0.0
111
1.0
121
0.0
131
0.0
112
0.0
122
1.0
132
0.0
 79
     0
146
0.0
348
E5B
 60
     3
 61
     5
292
     1
282
     1
141
0.0
142
0.0
 63
   250
361
E89
  0
ENDTAB
  0
TABLE
  2
LTYPE
  5
E32
330
0
100
AcDbSymbolTable
 70
    48
  0
LTYPE
  5
E40
330
E32
100
AcDbSymbolTableRecord
100
AcDbLinetypeTableRecord
  2
ByBlock
 70
     0
  3

 72
    65
 73
     0
 40
0.0
  0
LTYPE
  5
E41
330
E32
100
AcDbSymbolTableRecord
100
AcDbLinetypeTableRecord
  2
ByLayer
 70
     0
  3

 72
    65
 73
     0
 40
0.0
  0
LTYPE
  5
E42
330
E32
100
AcDbSymbolTableRecord
100
AcDbLinetypeTableRecord
  2
Continuous
 70
     0
  3
Solid line
 72
    65
 73
     0
 40
0.0
  0
LTYPE
  5
ED4
330
E32
100
AcDbSymbolTableRecord
100
AcDbLinetypeTableRecord
  2
DASHDOTX2
 70
     0
  3
Dash dot (2x) ____  .  ____  .  ____  .  ___
 72
    65
 73
     4
 40
50.8
 49
25.4
 74
     0
 49
-12.7
 74
     0
 49
0.0
 74
     0
 49
-12.7
 74
     0
  0
LTYPE
  5
ED6
330
E32
100
AcDbSymbolTableRecord
100
AcDbLinetypeTableRecord
  2
FENCELINE1
 70
     0
  3
Fenceline circle ----0-----0----0-----0----0-----0--
 72
    65
 73
     4
 40
36.83
 49
6.35
 74
     0
 49
-2.54
 74
     2
 75
     0
340
ED5
 46
2.54
 50
0.0
 44
-2.54
 45
0.0
  9
CIRC1
 49
-2.54
 74
     0
 49
25.4
 74
     0
  0
LTYPE
  5
ED8
330
E32
100
AcDbSymbolTableRecord
100
AcDbLinetypeTableRecord
  2
GAS_LINE
 70
     0
  3
Gas line ----GAS----GAS----GAS----GAS----GAS----GAS--
 72
    65
 73
     3
 40
24.13
 49
12.7
 74
     0
 49
-5.08
 74
     2
 75
     0
340
ED7
 46
2.54
 50
0.0
 44
-2.54
 45
-1.27
  9
GAS
 49
-6.35
 74
     0
  0
LTYPE
  5
ED9
330
E32
100
AcDbSymbolTableRecord
100
AcDbLinetypeTableRecord
  2
PHANTOM
 70
     0
  3
Phantom ______  __  __  ______  __  __  ______ 
 72
    65
 73
     6
 40
63.50000000000001
 49
31.75
 74
     0
 49
-6.35
 74
     0
 49
6.35
 74
     0
 49
-6.35
 74
     0
 49
6.35
 74
     0
 49
-6.35
 74
     0
  0
LTYPE
  5
EDA
330
E32
100
AcDbSymbolTableRecord
100
AcDbLinetypeTableRecord
  2
BORDER
 70
     0
  3
Border __ __ . __ __ . __ __ . __ __ . __ __ .
 72
    65
 73
     6
 40
44.45
 49
12.7
 74
     0
 49
-6.35
 74
     0
 49
12.7
 74
     0
 49
-6.35
 74
     0
 49
0.0
 74
     0
 49
-6.35
 74
     0
  0
LTYPE
  5
EDB
330
E32
100
AcDbSymbolTableRecord
100
AcDbLinetypeTableRecord
  2
DIVIDE2
 70
     0
  3
Divide (.5x) __..__..__..__..__..__..__..__.._
 72
    65
 73
     6
 40
15.875
 49
6.35
 74
     0
 49
-3.175
 74
     0
 49
0.0
 74
     0
 49
-3.175
 74
     0
 49
0.0
 74
     0
 49
-3.175
 74
     0
  0
LTYPE
  5
EDC
330
E32
100
AcDbSymbolTableRecord
100
AcDbLinetypeTableRecord
  2
DIVIDEX2
 70
     0
  3
Divide (2x) ________  .  .  ________  .  .  _
 72
    65
 73
     6
 40
63.5
 49
25.4
 74
     0
 49
-12.7
 74
     0
 49
0.0
 74
     0
 49
-12.7
 74
     0
 49
0.0
 74
     0
 49
-12.7
 74
     0
  0
LTYPE
  5
EDD
330
E32
100
AcDbSymbolTableRecord
100
AcDbLinetypeTableRecord
  2
BORDERX2
 70
     0
  3
Border (2x) ____  ____  .  ____  ____  .  ___
 72
    65
 73
     6
 40
88.89999999999999
 49
25.4
 74
     0
 49
-12.7
 74
     0
 49
25.4
 74
     0
 49
-12.7
 74
     0
 49
0.0
 74
     0
 49
-12.7
 74
     0
  0
LTYPE
  5
EDE
330
E32
100
AcDbSymbolTableRecord
100
AcDbLinetypeTableRecord
  2
DIVIDE
 70
     0
  3
Divide ____ . . ____ . . ____ . . ____ . . ____
 72
    65
 73
     6
 40
31.75
 49
12.7
 74
     0
 49
-6.35
 74
     0
 49
0.0
 74
     0
 49
-6.35
 74
     0
 49
0.0
 74
     0
 49
-6.35
 74
     0
  0
LTYPE
  5
EDF
330
E32
100
AcDbSymbolTableRecord
100
AcDbLinetypeTableRecord
  2
CENTERX2
 70
     0
  3
Center (2x) ________  __  ________  __  _____
 72
    65
 73
     4
 40
101.6
 49
63.5
 74
     0
 49
-12.7
 74
     0
 49
12.7
 74
     0
 49
-12.7
 74
     0
  0
LTYPE
  5
EE0
330
E32
100
AcDbSymbolTableRecord
100
AcDbLinetypeTableRecord
  2
DOT2
 70
     0
  3
Dot (.5x) ........................................
 72
    65
 73
     2
 40
3.175
 49
0.0
 74
     0
 49
-3.175
 74
     0
  0
LTYPE
  5
EE1
330
E32
100
AcDbSymbolTableRecord
100
AcDbLinetypeTableRecord
  2
DASHEDX2
 70
     0
  3
Dashed (2x) ____  ____  ____  ____  ____  ___
 72
    65
 73
     2
 40
38.09999999999999
 49
25.4
 74
     0
 49
-12.7
 74
     0
  0
LTYPE
  5
EE3
330
E32
100
AcDbSymbolTableRecord
100
AcDbLinetypeTableRecord
  2
DRAINAGE2
 70
     0
  3
Drainage reversed----<----<----<----
 72
    65
 73
     2
 40
10.16
 49
5.08
 74
     2
 75
     0
340
EE2
 46
2.54
 50
0.0
 44
0.0
 45
0.0
  9
RIGHT_ARROW
 49
5.08
 74
     0
  0
LTYPE
  5
EE4
330
E32
100
AcDbSymbolTableRecord
100
AcDbLinetypeTableRecord
  2
ACAD_ISO13W100
 70
     0
  3
ISO double-dash double-dot __ __ . . __ __ . . _
 72
    65
 73
     8
 40
36.0
 49
12.0
 74
     0
 49
-3.0
 74
     0
 49
12.0
 74
     0
 49
-3.0
 74
     0
 49
0.0
 74
     0
 49
-3.0
 74
     0
 49
0.0
 74
     0
 49
-3.0
 74
     0
  0
LTYPE
  5
EE5
330
E32
100
AcDbSymbolTableRecord
100
AcDbLinetypeTableRecord
  2
ACAD_ISO12W100
 70
     0
  3
ISO dash double-dot __ . . __ . . __ . . __ . . 
 72
    65
 73
     6
 40
21.0
 49
12.0
 74
     0
 49
-3.0
 74
     0
 49
0.0
 74
     0
 49
-3.0
 74
     0
 49
0.0
 74
     0
 49
-3.0
 74
     0
  0
LTYPE
  5
EE6
330
E32
100
AcDbSymbolTableRecord
100
AcDbLinetypeTableRecord
  2
ACAD_ISO15W100
 70
     0
  3
ISO double-dash triple-dot __ __ . . . __ __ . .
 72
    65
 73
    10
 40
39.0
 49
12.0
 74
     0
 49
-3.0
 74
     0
 49
12.0
 74
     0
 49
-3.0
 74
     0
 49
0.0
 74
     0
 49
-3.0
 74
     0
 49
0.0
 74
     0
 49
-3.0
 74
     0
 49
0.0
 74
     0
 49
-3.0
 74
     0
  0
LTYPE
  5
EE7
330
E32
100
AcDbSymbolTableRecord
100
AcDbLinetypeTableRecord
  2
BORDER2
 70
     0
  3
Border (.5x) __.__.__.__.__.__.__.__.__.__.__.
 72
    65
 73
     6
 40
22.225
 49
6.35
 74
     0
 49
-3.175
 74
     0
 49
6.35
 74
     0
 49
-3.175
 74
     0
 49
0.0
 74
     0
 49
-3.175
 74
     0
  0
LTYPE
  5
EE8
330
E32
100
AcDbSymbolTableRecord
100
AcDbLinetypeTableRecord
  2
HOT_WATER_SUPPLY
 70
     0
  3
Hot water supply ---- HW ---- HW ---- HW ----
 72
    65
 73
     3
 40
22.86
 49
12.7
 74
     0
 49
-5.08
 74
     2
 75
     0
340
ED7
 46
2.54
 50
0.0
 44
-2.54
 45
-1.27
  9
HW
 49
-5.08
 74
     0
  0
LTYPE
  5
EE9
330
E32
100
AcDbSymbolTableRecord
100
AcDbLinetypeTableRecord
  2
PHANTOMX2
 70
     0
  3
Phantom (2x) ____________    ____    ____   _
 72
    65
 73
     6
 40
127.0
 49
63.5
 74
     0
 49
-12.7
 74
     0
 49
12.7
 74
     0
 49
-12.7
 74
     0
 49
12.7
 74
     0
 49
-12.7
 74
     0
  0
LTYPE
  5
EEA
330
E32
100
AcDbSymbolTableRecord
100
AcDbLinetypeTableRecord
  2
TRACKS
 70
     0
  3
Tracks -|-|-|-|-|-|-|-|-|-|-|-|-|-|-|-|-|-|-|-|-|-|-|-|-
 72
    65
 73
     2
 40
7.62
 49
3.81
 74
     2
 75
     0
340
ED5
 46
6.35
 50
0.0
 44
0.0
 45
0.0
  9
TRACK1
 49
3.81
 74
     0
  0
LTYPE
  5
EEB
330
E32
100
AcDbSymbolTableRecord
100
AcDbLinetypeTableRecord
  2
ZIGZAG
 70
     0
  3
Zig zag /\/\/\/\/\/\/\/\/\/\/\/\/\/\/\/\/\/\/\/\/\/\/\/
 72
    65
 73
     4
 40
20.32254
 49
0.00254
 74
     0
 49
-5.08
 74
     2
 75
     0
340
ED5
 46
5.08
 50
0.0
 44
-5.08
 45
0.0
  9
ZIG
 49
-10.16
 74
     2
 75
     0
340
ED5
 46
5.08
 50
180.0
 44
5.08
 45
0.0
  9
ZIG
 49
-5.08
 74
     0
  0
LTYPE
  5
EEC
330
E32
100
AcDbSymbolTableRecord
100
AcDbLinetypeTableRecord
  2
CENTER
 70
     0
  3
Center ____ _ ____ _ ____ _ ____ _ ____ _ ____
 72
    65
 73
     4
 40
50.8
 49
31.75
 74
     0
 49
-6.35
 74
     0
 49
6.35
 74
     0
 49
-6.35
 74
     0
  0
LTYPE
  5
EED
330
E32
100
AcDbSymbolTableRecord
100
AcDbLinetypeTableRecord
  2
DOTX2
 70
     0
  3
Dot (2x) .  .  .  .  .  .  .  .  .  .  .  .  .  .
 72
    65
 73
     2
 40
12.7
 49
0.0
 74
     0
 49
-12.7
 74
     0
  0
LTYPE
  5
EEE
330
E32
100
AcDbSymbolTableRecord
100
AcDbLinetypeTableRecord
  2
ACAD_ISO05W100
 70
     0
  3
ISO long-dash double-dot ____ .. ____ .. ____ . 
 72
    65
 73
     6
 40
33.0
 49
24.0
 74
     0
 49
-3.0
 74
     0
 49
0.0
 74
     0
 49
-3.0
 74
     0
 49
0.0
 74
     0
 49
-3.0
 74
     0
  0
LTYPE
  5
EEF
330
E32
100
AcDbSymbolTableRecord
100
AcDbLinetypeTableRecord
  2
ACAD_ISO04W100
 70
     0
  3
ISO long-dash dot ____ . ____ . ____ . ____ . _
 72
    65
 73
     4
 40
30.0
 49
24.0
 74
     0
 49
-3.0
 74
     0
 49
0.0
 74
     0
 49
-3.0
 74
     0
  0
LTYPE
  5
EF0
330
E32
100
AcDbSymbolTableRecord
100
AcDbLinetypeTableRecord
  2
DOT
 70
     0
  3
Dot . . . . . . . . . . . . . . . . . . . . . . . .
 72
    65
 73
     2
 40
6.35
 49
0.0
 74
     0
 49
-6.35
 74
     0
  0
LTYPE
  5
EF1
330
E32
100
AcDbSymbolTableRecord
100
AcDbLinetypeTableRecord
  2
HIDDEN2
 70
     0
  3
Hidden (.5x) _ _ _ _ _ _ _ _ _ _ _ _ _ _ _ _ _ 
 72
    65
 73
     2
 40
4.762499999999999
 49
3.175
 74
     0
 49
-1.5875
 74
     0
  0
LTYPE
  5
EF2
330
E32
100
AcDbSymbolTableRecord
100
AcDbLinetypeTableRecord
  2
ACAD_ISO09W100
 70
     0
  3
ISO long-dash double-short-dash ____ __ __ ____
 72
    65
 73
     6
 40
45.0
 49
24.0
 74
     0
 49
-3.0
 74
     0
 49
6.0
 74
     0
 49
-3.0
 74
     0
 49
6.0
 74
     0
 49
-3.0
 74
     0
  0
LTYPE
  5
EF3
330
E32
100
AcDbSymbolTableRecord
100
AcDbLinetypeTableRecord
  2
HIDDENX2
 70
     0
  3
Hidden (2x) ____ ____ ____ ____ ____ ____ ____ 
 72
    65
 73
     2
 40
19.05
 49
12.7
 74
     0
 49
-6.35
 74
     0
  0
LTYPE
  5
EF4
330
E32
100
AcDbSymbolTableRecord
100
AcDbLinetypeTableRecord
  2
ACAD_ISO11W100
 70
     0
  3
ISO double-dash dot __ __ . __ __ . __ __ . __ _
 72
    65
 73
     6
 40
33.0
 49
12.0
 74
     0
 49
-3.0
 74
     0
 49
12.0
 74
     0
 49
-3.0
 74
     0
 49
0.0
 74
     0
 49
-3.0
 74
     0
  0
LTYPE
  5
EF5
330
E32
100
AcDbSymbolTableRecord
100
AcDbLinetypeTableRecord
  2
ACAD_ISO08W100
 70
     0
  3
ISO long-dash short-dash ____ __ ____ __ ____ _
 72
    65
 73
     4
 40
36.0
 49
24.0
 74
     0
 49
-3.0
 74
     0
 49
6.0
 74
     0
 49
-3.0
 74
     0
  0
LTYPE
  5
EF6
330
E32
100
AcDbSymbolTableRecord
100
AcDbLinetypeTableRecord
  2
ACAD_ISO02W100
 70
     0
  3
ISO dash __ __ __ __ __ __ __ __ __ __ __ __ __
 72
    65
 73
     2
 40
15.0
 49
12.0
 74
     0
 49
-3.0
 74
     0
  0
LTYPE
  5
EF7
330
E32
100
AcDbSymbolTableRecord
100
AcDbLinetypeTableRecord
  2
ACAD_ISO07W100
 70
     0
  3
ISO dot . . . . . . . . . . . . . . . . . . . . 
 72
    65
 73
     2
 40
3.0
 49
0.0
 74
     0
 49
-3.0
 74
     0
  0
LTYPE
  5
EF8
330
E32
100
AcDbSymbolTableRecord
100
AcDbLinetypeTableRecord
  2
DASHDOT
 70
     0
  3
Dash dot __ . __ . __ . __ . __ . __ . __ . __
 72
    65
 73
     4
 40
25.4
 49
12.7
 74
     0
 49
-6.35
 74
     0
 49
0.0
 74
     0
 49
-6.35
 74
     0
  0
LTYPE
  5
EF9
330
E32
100
AcDbSymbolTableRecord
100
AcDbLinetypeTableRecord
  2
HIDDEN
 70
     0
  3
Hidden __ __ __ __ __ __ __ __ __ __ __ __ __ __
 72
    65
 73
     2
 40
9.524999999999999
 49
6.35
 74
     0
 49
-3.175
 74
     0
  0
LTYPE
  5
EFA
330
E32
100
AcDbSymbolTableRecord
100
AcDbLinetypeTableRecord
  2
ACAD_ISO10W100
 70
     0
  3
ISO dash dot __ . __ . __ . __ . __ . __ . __ . 
 72
    65
 73
     4
 40
18.0
 49
12.0
 74
     0
 49
-3.0
 74
     0
 49
0.0
 74
     0
 49
-3.0
 74
     0
  0
LTYPE
  5
EFB
330
E32
100
AcDbSymbolTableRecord
100
AcDbLinetypeTableRecord
  2
ACAD_ISO03W100
 70
     0
  3
ISO dash space __    __    __    __    __    __
 72
    65
 73
     2
 40
30.0
 49
12.0
 74
     0
 49
-18.0
 74
     0
  0
LTYPE
  5
EFC
330
E32
100
AcDbSymbolTableRecord
100
AcDbLinetypeTableRecord
  2
BATTING
 70
     0
  3
Batting SSSSSSSSSSSSSSSSSSSSSSSSSSSSSSSSSSSSSSSSSSSSSSS
 72
    65
 73
     4
 40
10.16254
 49
0.00254
 74
     0
 49
-2.54
 74
     2
 75
     0
340
ED5
 46
2.54
 50
0.0
 44
-2.54
 45
0.0
  9
BAT
 49
-5.08
 74
     2
 75
     0
340
ED5
 46
2.54
 50
180.0
 44
2.54
 45
0.0
  9
BAT
 49
-2.54
 74
     0
  0
LTYPE
  5
EFD
330
E32
100
AcDbSymbolTableRecord
100
AcDbLinetypeTableRecord
  2
DASHED
 70
     0
  3
Dashed __ __ __ __ __ __ __ __ __ __ __ __ __ _
 72
    65
 73
     2
 40
19.05
 49
12.7
 74
     0
 49
-6.35
 74
     0
  0
LTYPE
  5
EFE
330
E32
100
AcDbSymbolTableRecord
100
AcDbLinetypeTableRecord
  2
DASHDOT2
 70
     0
  3
Dash dot (.5x) _._._._._._._._._._._._._._._.
 72
    65
 73
     4
 40
12.7
 49
6.35
 74
     0
 49
-3.175
 74
     0
 49
0.0
 74
     0
 49
-3.175
 74
     0
  0
LTYPE
  5
EFF
330
E32
100
AcDbSymbolTableRecord
100
AcDbLinetypeTableRecord
  2
ACAD_ISO06W100
 70
     0
  3
ISO long-dash triple-dot ____ ... ____ ... ____
 72
    65
 73
     8
 40
36.0
 49
24.0
 74
     0
 49
-3.0
 74
     0
 49
0.0
 74
     0
 49
-3.0
 74
     0
 49
0.0
 74
     0
 49
-3.0
 74
     0
 49
0.0
 74
     0
 49
-3.0
 74
     0
  0
LTYPE
  5
F00
330
E32
100
AcDbSymbolTableRecord
100
AcDbLinetypeTableRecord
  2
CENTER2
 70
     0
  3
Center (.5x) ___ _ ___ _ ___ _ ___ _ ___ _ ___
 72
    65
 73
     4
 40
28.575
 49
19.05
 74
     0
 49
-3.175
 74
     0
 49
3.175
 74
     0
 49
-3.175
 74
     0
  0
LTYPE
  5
F01
330
E32
100
AcDbSymbolTableRecord
100
AcDbLinetypeTableRecord
  2
ACAD_ISO14W100
 70
     0
  3
ISO dash triple-dot __ . . . __ . . . __ . . . _
 72
    65
 73
     8
 40
24.0
 49
12.0
 74
     0
 49
-3.0
 74
     0
 49
0.0
 74
     0
 49
-3.0
 74
     0
 49
0.0
 74
     0
 49
-3.0
 74
     0
 49
0.0
 74
     0
 49
-3.0
 74
     0
  0
LTYPE
  5
F02
330
E32
100
AcDbSymbolTableRecord
100
AcDbLinetypeTableRecord
  2
DASHED2
 70
     0
  3
Dashed (.5x) _ _ _ _ _ _ _ _ _ _ _ _ _ _ _ _ _ 
 72
    65
 73
     2
 40
9.524999999999999
 49
6.35
 74
     0
 49
-3.175
 74
     0
  0
LTYPE
  5
F03
330
E32
100
AcDbSymbolTableRecord
100
AcDbLinetypeTableRecord
  2
DRAINAGE
 70
     0
  3
Drainage ---->---->---->----
 72
    65
 73
     2
 40
10.16
 49
5.08
 74
     2
 75
     0
340
EE2
 46
2.54
 50
180.0
 44
0.0
 45
0.0
  9
RIGHT_ARROW
 49
5.08
 74
     0
  0
LTYPE
  5
F04
330
E32
100
AcDbSymbolTableRecord
100
AcDbLinetypeTableRecord
  2
FENCELINE2
 70
     0
  3
Fenceline square ----[]-----[]----[]-----[]----[]---
 72
    65
 73
     4
 40
36.83
 49
6.35
 74
     0
 49
-2.54
 74
     2
 75
     0
340
ED5
 46
2.54
 50
0.0
 44
-2.54
 45
0.0
  9
BOX
 49
-2.54
 74
     0
 49
25.4
 74
     0
  0
LTYPE
  5
F05
330
E32
100
AcDbSymbolTableRecord
100
AcDbLinetypeTableRecord
  2
PHANTOM2
 70
     0
  3
Phantom (.5x) ___ _ _ ___ _ _ ___ _ _ ___ _ _
 72
    65
 73
     6
 40
31.75
 49
15.875
 74
     0
 49
-3.175
 74
     0
 49
3.175
 74
     0
 49
-3.175
 74
     0
 49
3.175
 74
     0
 49
-3.175
 74
     0
  0
ENDTAB
  0
TABLE
  2
LAYER
  5
E30
330
0
100
AcDbSymbolTable
 70
    11
  0
LAYER
  5
E3D
330
E30
100
AcDbSymbolTableRecord
100
AcDbLayerTableRecord
  2
0
 70
     0
 62
    18
420
        0
  6
Continuous
370
     5
390
E3C
347
E72
  0
LAYER
  5
F06
330
E30
100
AcDbSymbolTableRecord
100
AcDbLayerTableRecord
  2
Background
 70
     4
 62
   178
420
       54
  6
Continuous
370
    25
390
E3C
347
E72
  0
LAYER
  5
F07
330
E30
100
AcDbSymbolTableRecord
100
AcDbLayerTableRecord
  2
Defpoints
 70
     0
 62
     7
  6
Continuous
290
     0
370
    -3
390
E3C
347
E72
  0
LAYER
  5
F08
330
E30
100
AcDbSymbolTableRecord
100
AcDbLayerTableRecord
  2
Dimensions
 70
     0
 62
   136
420
    32896
  6
Continuous
370
    13
390
E3C
347
E72
  0
LAYER
  5
F09
330
E30
100
AcDbSymbolTableRecord
100
AcDbLayerTableRecord
  2
Doors
 70
     0
 62
     4
  6
Continuous
370
    13
390
E3C
347
E72
  0
LAYER
  5
F0A
330
E30
100
AcDbSymbolTableRecord
100
AcDbLayerTableRecord
  2
Interiors
 70
     0
 62
     9
  6
Continuous
370
     9
390
E3C
347
E72
  0
LAYER
  5
F0B
330
E30
100
AcDbSymbolTableRecord
100
AcDbLayerTableRecord
  2
Labels
 70
     0
 62
     2
  6
Continuous
370
    13
390
E3C
347
E72
  0
LAYER
  5
F0C
330
E30
100
AcDbSymbolTableRecord
100
AcDbLayerTableRecord
  2
Room Sizes
 70
     0
 62
    56
420
  8421376
  6
Continuous
370
    25
390
E3C
347
E72
  0
LAYER
  5
F0D
330
E30
100
AcDbSymbolTableRecord
100
AcDbLayerTableRecord
  2
Staircase
 70
     0
 62
     9
  6
Continuous
370
    13
390
E3C
347
E72
  0
LAYER
  5
F0E
330
E30
100
AcDbSymbolTableRecord
100
AcDbLayerTableRecord
  2
Walls
 70
     0
 62
   253
420
 10526884
  6
Continuous
370
    18
390
E3C
347
E72
  0
LAYER
  5
F0F
330
E30
100
AcDbSymbolTableRecord
100
AcDbLayerTableRecord
  2
Windows
 70
     0
 62
     4
  6
Continuous
370
    13
390
E3C
347
E72
  0
ENDTAB
  0
TABLE
  2
STYLE
  5
E31
330
0
100
AcDbSymbolTable
 70
     5
  0
STYLE
  5
E3E
330
E31
100
AcDbSymbolTableRecord
100
AcDbTextStyleTableRecord
  2
Standard
 70
     0
 40
0.0
 41
1.0
 50
0.0
 71
     0
 42
2.5
  3
txt
  4

  0
STYLE
  5
ED2
330
E31
100
AcDbSymbolTableRecord
100
AcDbTextStyleTableRecord
  2
QCADDimTextStyle
 70
     0
 40
0.0
 41
1.0
 50
0.0
 71
     0
 42
2.5
  3
Arial.ttf
  4

1001
ACAD
1000
Arial
1071
        0
  0
STYLE
  5
ED5
330
E31
100
AcDbSymbolTableRecord
100
AcDbTextStyleTableRecord
  2
textstyle0
 70
     0
 40
0.0
 41
1.0
 50
0.0
 71
     0
 42
2.5
  3
ltypeshp.shx
  4

  0
STYLE
  5
ED7
330
E31
100
AcDbSymbolTableRecord
100
AcDbTextStyleTableRecord
  2
textstyle1
 70
     0
 40
0.0
 41
1.0
 50
0.0
 71
     0
 42
2.5
  3
STANDARD
  4

  0
STYLE
  5
EE2
330
E31
100
AcDbSymbolTableRecord
100
AcDbTextStyleTableRecord
  2
textstyle2
 70
     0
 40
0.0
 41
1.0
 50
0.0
 71
     0
 42
2.5
  3
qcadshp.shx
  4

  0
ENDTAB
  0
TABLE
  2
VIEW
  5
E33
330
0
100
AcDbSymbolTable
 70
     0
  0
ENDTAB
  0
TABLE
  2
UCS
  5
E34
330
0
100
AcDbSymbolTable
 70
     0
  0
ENDTAB
  0
TABLE
  2
APPID
  5
E36
330
0
100
AcDbSymbolTable
 70
     2
  0
APPID
  5
E3F
330
E36
100
AcDbSymbolTableRecord
100
AcDbRegAppTableRecord
  2
ACAD
 70
     0
  0
APPID
  5
E8A
330
E36
100
AcDbSymbolTableRecord
100
AcDbRegAppTableRecord
  2
QCAD
 70
     0
  0
ENDTAB
  0
TABLE
  2
DIMSTYLE
  5
E37
330
0
100
AcDbSymbolTable
 70
     2
100
AcDbDimStyleTable
  0
DIMSTYLE
105
E53
330
E37
100
AcDbSymbolTableRecord
100
AcDbDimStyleTableRecord
  2
Standard
 70
     0
178
     0
340
E3E
  0
DIMSTYLE
105
ED3
102
{ACAD_REACTORS
330
5FE
330
600
102
}
330
E37
100
AcDbSymbolTableRecord
100
AcDbDimStyleTableRecord
  2
QCADDimStyle
 70
     0
 41
0.2
 42
0.05
 43
0.4
 44
0.1
 73
     0
 77
     1
 78
     8
140
0.2
147
0.05
178
     0
179
     2
279
     2
340
ED2
  0
ENDTAB
  0
TABLE
  2
BLOCK_RECORD
  5
E2F
330
0
100
AcDbSymbolTable
 70
     9
  0
BLOCK_RECORD
  5
E4B
330
E2F
100
AcDbSymbolTableRecord
100
AcDbBlockTableRecord
  2
*Model_Space
340
E4E
 70
     0
280
     1
281
     0
  0
BLOCK_RECORD
  5
F12
330
E2F
100
AcDbSymbolTableRecord
100
AcDbBlockTableRecord
  2
*Paper_Space
340
F13
 70
     0
280
     1
281
     0
  0
BLOCK_RECORD
  5
E47
330
E2F
100
AcDbSymbolTableRecord
100
AcDbBlockTableRecord
  2
*Paper_Space1
340
E4A
 70
     0
280
     1
281
     0
  0
BLOCK_RECORD
  5
F18
330
E2F
100
AcDbSymbolTableRecord
100
AcDbBlockTableRecord
  2
bath-0
340
0
102
{BLKREFS
331
18F
102
}
 70
     0
280
     1
281
     0
  0
BLOCK_RECORD
  5
F1B
330
E2F
100
AcDbSymbolTableRecord
100
AcDbBlockTableRecord
  2
bed_double_180_200-0
340
0
102
{BLKREFS
331
158
102
}
 70
     0
280
     1
281
     0
  0
BLOCK_RECORD
  5
F1E
330
E2F
100
AcDbSymbolTableRecord
100
AcDbBlockTableRecord
  2
bed_single_90_200-0
340
0
102
{BLKREFS
331
157
331
607
331
608
102
}
 70
     0
280
     1
281
     0
  0
BLOCK_RECORD
  5
F21
330
E2F
100
AcDbSymbolTableRecord
100
AcDbBlockTableRecord
  2
door_70-0
340
0
102
{BLKREFS
331
113
331
114
331
115
331
171
331
B13
102
}
 70
     0
280
     1
281
     0
  0
BLOCK_RECORD
  5
F24
330
E2F
100
AcDbSymbolTableRecord
100
AcDbBlockTableRecord
  2
shower-0
340
0
102
{BLKREFS
331
159
102
}
 70
     0
280
     1
281
     0
  0
BLOCK_RECORD
  5
F27
330
E2F
100
AcDbSymbolTableRecord
100
AcDbBlockTableRecord
  2
sink-0
340
0
102
{BLKREFS
331
15A
331
15B
102
}
 70
     0
280
     1
281
     0
  0
BLOCK_RECORD
  5
F2A
330
E2F
100
AcDbSymbolTableRecord
100
AcDbBlockTableRecord
  2
toilet-0
340
0
102
{BLKREFS
331
190
102
}
 70
     0
280
     1
281
     0
  0
BLOCK_RECORD
  5
F2D
330
E2F
100
AcDbSymbolTableRecord
100
AcDbBlockTableRecord
  2
window_70-0
340
0
102
{BLKREFS
331
189
331
18A
331
18B
102
}
 70
     0
280
     1
281
     0
  0
ENDTAB
  0
ENDSEC
  0
SECTION
  2
BLOCKS
  0
BLOCK
  5
E4C
330
E4B
100
AcDbEntity
  8
0
100
AcDbBlockBegin
  2
*Model_Space
 70
     0
 10
0.0
 20
0.0
 30
0.0
  3
*Model_Space
  1

  0
ENDBLK
  5
E4D
330
E4B
100
AcDbEntity
  8
0
100
AcDbBlockEnd
  0
BLOCK
  5
F14
330
F12
100
AcDbEntity
 67
     1
  8
0
100
AcDbBlockBegin
  2
*Paper_Space
 70
     0
 10
0.0
 20
0.0
 30
0.0
  3
*Paper_Space
  1

  0
ENDBLK
  5
F15
330
F12
100
AcDbEntity
 67
     1
  8
0
100
AcDbBlockEnd
  0
BLOCK
  5
E48
330
E47
100
AcDbEntity
  8
0
100
AcDbBlockBegin
  2
*Paper_Space1
 70
     0
 10
0.0
 20
0.0
 30
0.0
  3
*Paper_Space1
  1

  0
VIEWPORT
  5
F10
330
E47
100
AcDbEntity
  8
0
 62
   178
420
       76
100
AcDbViewport
 10
128.5
 20
97.5
 30
0.0
 40
314.226
 41
222.18
 68
     1
 69
     1
 12
128.5
 22
97.5
 13
0.0
 23
0.0
 14
10.0
 24
10.0
 15
10.0
 25
10.0
 16
0.0
 26
0.0
 36
1.0
 17
0.0
 27
0.0
 37
0.0
 42
50.0
 43
0.0
 44
0.0
 45
222.18
 50
0.0
 51
0.0
 72
   100
 90
   557152
  1

281
     0
 71
     1
 74
     0
110
0.0
120
0.0
130
0.0
111
1.0
121
0.0
131
0.0
112
0.0
122
1.0
132
0.0
 79
     0
146
0.0
170
     0
 61
     5
348
E5B
292
     1
282
     1
141
0.0
142
0.0
 63
   256
361
F11
  0
ENDBLK
  5
E49
330
E47
100
AcDbEntity
  8
0
100
AcDbBlockEnd
  0
BLOCK
  5
F19
330
F18
100
AcDbEntity
  8
0
100
AcDbBlockBegin
  2
bath-0
 70
     0
 10
0.0
 20
0.0
 30
0.0
  3
bath-0
  1

  0
LINE
  5
EF
330
F18
100
AcDbEntity
  8
0
 62
     0
370
    -2
100
AcDbLine
 10
0.0
 20
5.499999999999972
 30
0.0
 11
0.0
 21
0.0
 31
0.0
  0
LINE
  5
F0
330
F18
100
AcDbEntity
  8
0
 62
     0
370
    -2
100
AcDbLine
 10
0.0
 20
0.0
 30
0.0
 11
11.8
 21
0.0
 31
0.0
  0
LINE
  5
F1
330
F18
100
AcDbEntity
  8
0
 62
     0
370
    -2
100
AcDbLine
 10
11.8
 20
0.0
 30
0.0
 11
11.8
 21
5.499999999999972
 31
0.0
  0
LINE
  5
F2
330
F18
100
AcDbEntity
  8
0
 62
     0
370
    -2
100
AcDbLine
 10
11.8
 20
5.499999999999972
 30
0.0
 11
0.0
 21
5.499999999999972
 31
0.0
  0
ARC
  5
F3
330
F18
100
AcDbEntity
  8
0
 62
     0
370
    -2
100
AcDbCircle
 10
10.20000000000003
 20
3.899999999999999
 30
0.0
 40
1.0
100
AcDbArc
 50
0.0
 51
90.0
  0
LINE
  5
F4
330
F18
100
AcDbEntity
  8
0
 62
     0
370
    -2
100
AcDbLine
 10
2.000000000000028
 20
0.6000000000000227
 30
0.0
 11
10.20000000000003
 21
0.6000000000000085
 31
0.0
  0
ARC
  5
F5
330
F18
100
AcDbEntity
  8
0
 62
     0
370
    -2
100
AcDbCircle
 10
10.20000000000003
 20
1.599999999999959
 30
0.0
 40
1.0
100
AcDbArc
 50
270.0
 51
0.0
  0
LINE
  5
F6
330
F18
100
AcDbEntity
  8
0
 62
     0
370
    -2
100
AcDbLine
 10
10.20000000000003
 20
4.90000000000002
 30
0.0
 11
2.000000000000028
 21
4.90000000000002
 31
0.0
  0
LINE
  5
F7
330
F18
100
AcDbEntity
  8
0
 62
     0
370
    -2
100
AcDbLine
 10
10.79999999999998
 20
2.899999999999991
 30
0.0
 11
11.49999999999999
 21
2.899999999999984
 31
0.0
  0
LINE
  5
F8
330
F18
100
AcDbEntity
  8
0
 62
     0
370
    -2
100
AcDbLine
 10
11.49999999999999
 20
2.59999999999998
 30
0.0
 11
10.79999999999998
 21
2.59999999999998
 31
0.0
  0
ARC
  5
F9
330
F18
100
AcDbEntity
  8
0
 62
     0
370
    -2
100
AcDbCircle
 10
10.79999999999998
 20
2.749999999999986
 30
0.0
 40
0.150000000000001
100
AcDbArc
 50
90.0
 51
270.0
  0
ARC
  5
FA
330
F18
100
AcDbEntity
  8
0
 62
     0
370
    -2
100
AcDbCircle
 10
11.49999999999999
 20
2.749999999999986
 30
0.0
 40
0.149999999999999
100
AcDbArc
 50
270.0
 51
90.0
  0
LINE
  5
FB
330
F18
100
AcDbEntity
  8
0
 62
     0
370
    -2
100
AcDbLine
 10
11.40000000000001
 20
2.250000000000014
 30
0.0
 11
11.49999999999999
 21
2.150000000000034
 31
0.0
  0
LINE
  5
FC
330
F18
100
AcDbEntity
  8
0
 62
     0
370
    -2
100
AcDbLine
 10
11.49999999999999
 20
2.150000000000034
 30
0.0
 11
11.59999999999997
 21
2.250000000000021
 31
0.0
  0
LINE
  5
FD
330
F18
100
AcDbEntity
  8
0
 62
     0
370
    -2
100
AcDbLine
 10
11.59999999999997
 20
2.250000000000021
 30
0.0
 11
11.49999999999999
 21
2.349999999999994
 31
0.0
  0
LINE
  5
FE
330
F18
100
AcDbEntity
  8
0
 62
     0
370
    -2
100
AcDbLine
 10
11.49999999999999
 20
2.349999999999994
 30
0.0
 11
11.40000000000001
 21
2.250000000000014
 31
0.0
  0
LINE
  5
FF
330
F18
100
AcDbEntity
  8
0
 62
     0
370
    -2
100
AcDbLine
 10
11.40000000000001
 20
3.250000000000028
 30
0.0
 11
11.49999999999999
 21
3.14999999999997
 31
0.0
  0
LINE
  5
100
330
F18
100
AcDbEntity
  8
0
 62
     0
370
    -2
100
AcDbLine
 10
11.49999999999999
 20
3.14999999999997
 30
0.0
 11
11.59999999999997
 21
3.250000000000028
 31
0.0
  0
LINE
  5
101
330
F18
100
AcDbEntity
  8
0
 62
     0
370
    -2
100
AcDbLine
 10
11.59999999999997
 20
3.250000000000028
 30
0.0
 11
11.49999999999999
 21
3.350000000000009
 31
0.0
  0
LINE
  5
102
330
F18
100
AcDbEntity
  8
0
 62
     0
370
    -2
100
AcDbLine
 10
11.49999999999999
 20
3.350000000000009
 30
0.0
 11
11.40000000000001
 21
3.250000000000028
 31
0.0
  0
CIRCLE
  5
103
330
F18
100
AcDbEntity
  8
0
 62
     0
370
    -2
100
AcDbCircle
 10
10.20000000000003
 20
2.749999999999986
 30
0.0
 40
0.129999999999999
  0
CIRCLE
  5
104
330
F18
100
AcDbEntity
  8
0
 62
     0
370
    -2
100
AcDbCircle
 10
10.20000000000003
 20
2.749999999999986
 30
0.0
 40
0.149999999999997
  0
LINE
  5
105
330
F18
100
AcDbEntity
  8
0
 62
     0
370
    -2
100
AcDbLine
 10
11.19999999999997
 20
1.599999999999973
 30
0.0
 11
11.19999999999997
 21
2.59999999999998
 31
0.0
  0
LINE
  5
106
330
F18
100
AcDbEntity
  8
0
 62
     0
370
    -2
100
AcDbLine
 10
11.19999999999997
 20
2.899999999999991
 30
0.0
 11
11.19999999999997
 21
3.900000000000006
 31
0.0
  0
LWPOLYLINE
  5
107
330
F18
100
AcDbEntity
  8
0
 62
     0
370
    -2
100
AcDbPolyline
 90
       65
 70
     0
 43
0.0
 10
2.000000000000028
 20
4.89999999999999
 42
0.0413558910784419
 10
1.827163239336614
 20
4.885679871648486
 42
0.0177078471790646
 10
1.753397009325961
 20
4.87074585890797
 42
0.0138114199946883
 10
1.695231409551661
 20
4.855154436273224
 42
0.011882849196865
 10
1.64482021704511
 20
4.838857661756641
 42
0.0106939286387365
 10
1.599135155409457
 20
4.821802580392978
 42
0.0098840081546072
 10
1.556622885334691
 20
4.803930525039283
 42
0.0093002754617895
 10
1.516356383424804
 20
4.78517629255988
 42
0.0088654697328949
 10
1.477725526984192
 20
4.765467167811085
 42
0.0085359497510439
 10
1.440299378530058
 20
4.744721760404739
 42
0.0082851492692804
 10
1.403756337464078
 20
4.722848609398139
 42
0.0080960476798572
 10
1.367845223668972
 20
4.699744497896737
 42
0.0079573799237615
 10
1.332361972356587
 20
4.675292401751543
 42
0.0078615836028559
 10
1.297134834729968
 20
4.649358972104633
 42
0.0078036285727764
 10
1.262014494086815
 20
4.62179141756169
 42
0.0077803306661968
 10
1.226867153889933
 20
4.59241360376045
 42
0.0077899519404489
 10
1.191569483326839
 20
4.561021119076402
 42
0.007831986361569
 10
1.15600474784748
 20
4.527374954039497
 42
0.007907080971699
 10
1.120059698758539
 20
4.491193290533293
 42
0.0080170737807282
 10
1.083621938216228
 20
4.452140664422548
 42
0.0081651536402445
 10
1.04657755954072
 20
4.409813398783448
 42
0.008356172746699
 10
1.008808911519002
 20
4.36371960874672
 42
0.0085971783197282
 10
0.9701923620558544
 20
4.313251073567908
 42
0.0088982913379729
 10
0.9305959480030084
 20
4.257642503356868
 42
0.0092741777073892
 10
0.889876797603915
 20
4.19591046026871
 42
0.0097466024590989
 10
0.8478782008448109
 20
4.126757785715757
 42
0.0103491146648477
 10
0.8044261804515918
 20
4.048415870066824
 42
0.0111363079099253
 10
0.7593253799366311
 20
3.958365872989277
 42
0.0122040740087465
 10
0.712354030505614
 20
3.852798746647045
 42
0.0137406608081909
 10
0.6632576783912438
 20
3.725425158830358
 42
0.0161863957093863
 10
0.611741236411592
 20
3.564276660762775
 42
0.0209694154479825
 10
0.5574587492294265
 20
3.339368017396608
 42
0.0486307877812632
 10
0.5000000000000346
 20
2.750000000000233
 42
0.048630787781271
 10
0.557458749229478
 20
2.160631982603414
 42
0.0209694154479825
 10
0.6117412364115706
 20
1.935723339237278
 42
0.0161863957093862
 10
0.6632576783912625
 20
1.77457484116966
 42
0.0137406608081912
 10
0.7123540305056264
 20
1.647201253352952
 42
0.0122040740087463
 10
0.7593253799366542
 20
1.541634127010748
 42
0.0111363079099254
 10
0.8044261804515984
 20
1.451584129933202
 42
0.0103491146648476
 10
0.8478782008447951
 20
1.373242214284323
 42
0.0097466024590989
 10
0.8898767976039661
 20
1.304089539731355
 42
0.009274177707389
 10
0.9305959480030175
 20
1.242357496643139
 42
0.0088982913379728
 10
0.9701923620558321
 20
1.186748926432106
 42
0.0085971783197281
 10
1.008808911519033
 20
1.136280391253315
 42
0.0083561727466988
 10
1.046577559540705
 20
1.090186601216564
 42
0.0081651536402445
 10
1.083621938216177
 20
1.047859335577525
 42
0.0080170737807282
 10
1.120059698758567
 20
1.008806709466736
 42
0.007907080971699
 10
1.156004747847504
 20
0.9726250459605441
 42
0.0078319863615692
 10
1.191569483326798
 20
0.9389788809236272
 42
0.0077899519404493
 10
1.226867153889903
 20
0.9075863962395647
 42
0.0077803306661967
 10
1.262014494086845
 20
0.8782085824383219
 42
0.0078036285727764
 10
1.297134834729965
 20
0.8506410278954011
 42
0.0078615836028562
 10
1.332361972356537
 20
0.8247075982484506
 42
0.0079573799237614
 10
1.367845223668964
 20
0.8002555021033106
 42
0.0080960476798572
 10
1.403756337464059
 20
0.7771513906018579
 42
0.0082851492692811
 10
1.440299378530053
 20
0.7552782395952451
 42
0.0085359497510439
 10
1.477725526984193
 20
0.7345328321889388
 42
0.0088654697328948
 10
1.516356383424783
 20
0.7148237074401418
 42
0.0093002754617899
 10
1.556622885334711
 20
0.6960694749607574
 42
0.0098840081546068
 10
1.5991351554095
 20
0.6781974196070155
 42
0.0106939286387369
 10
1.644820217045071
 20
0.6611423382434114
 42
0.0118828491968651
 10
1.695231409551652
 20
0.6448455637268624
 42
0.0138114199946884
 10
1.753397009326045
 20
0.6292541410920576
 42
0.0177078471790642
 10
1.82716323933668
 20
0.6143201283515289
 42
0.0413558910784414
 10
1.999999999999994
 20
0.6000000000000403
  0
ENDBLK
  5
F1A
330
F18
100
AcDbEntity
  8
0
100
AcDbBlockEnd
  0
BLOCK
  5
F1C
330
F1B
100
AcDbEntity
  8
0
100
AcDbBlockBegin
  2
bed_double_180_200-0
 70
     0
 10
0.0
 20
0.0
 30
0.0
  3
bed_double_180_200-0
  1

  0
ARC
  5
89
330
F1B
100
AcDbEntity
  8
0
 62
     0
370
    -2
100
AcDbCircle
 10
0.05
 20
1.95
 30
0.0
 40
0.05
100
AcDbArc
 50
89.99999999999996
 51
180.0
  0
LINE
  5
8A
330
F1B
100
AcDbEntity
  8
0
 62
     0
370
    -2
100
AcDbLine
 10
0.0
 20
1.95
 30
0.0
 11
0.0
 21
0.0500000000000007
 31
0.0
  0
ARC
  5
8B
330
F1B
100
AcDbEntity
  8
0
 62
     0
370
    -2
100
AcDbCircle
 10
0.05
 20
0.0499999999999998
 30
0.0
 40
0.05
100
AcDbArc
 50
180.0
 51
270.0
  0
ARC
  5
8C
330
F1B
100
AcDbEntity
  8
0
 62
     0
370
    -2
100
AcDbCircle
 10
0.2000000000000001
 20
1.850000000000001
 30
0.0
 40
0.05
100
AcDbArc
 50
90.0
 51
180.0
  0
LINE
  5
8D
330
F1B
100
AcDbEntity
  8
0
 62
     0
370
    -2
100
AcDbLine
 10
0.1500000000000001
 20
1.65
 30
0.0
 11
0.1500000000000001
 21
1.850000000000001
 31
0.0
  0
ARC
  5
8E
330
F1B
100
AcDbEntity
  8
0
 62
     0
370
    -2
100
AcDbCircle
 10
0.2000000000000001
 20
1.65
 30
0.0
 40
0.05
100
AcDbArc
 50
180.0
 51
270.0
  0
ARC
  5
8F
330
F1B
100
AcDbEntity
  8
0
 62
     0
370
    -2
100
AcDbCircle
 10
0.7000000000000001
 20
1.65
 30
0.0
 40
0.05
100
AcDbArc
 50
270.0
 51
0.0
  0
LINE
  5
90
330
F1B
100
AcDbEntity
  8
0
 62
     0
370
    -2
100
AcDbLine
 10
0.7500000000000001
 20
1.850000000000001
 30
0.0
 11
0.7500000000000001
 21
1.65
 31
0.0
  0
ARC
  5
91
330
F1B
100
AcDbEntity
  8
0
 62
     0
370
    -2
100
AcDbCircle
 10
0.7000000000000001
 20
1.850000000000001
 30
0.0
 40
0.05
100
AcDbArc
 50
0.0
 51
90.0
  0
LINE
  5
92
330
F1B
100
AcDbEntity
  8
0
 62
     0
370
    -2
100
AcDbLine
 10
0.7000000000000001
 20
1.600000000000001
 30
0.0
 11
0.2000000000000001
 21
1.600000000000001
 31
0.0
  0
LINE
  5
93
330
F1B
100
AcDbEntity
  8
0
 62
     0
370
    -2
100
AcDbLine
 10
0.2000000000000001
 20
1.9
 30
0.0
 11
0.7000000000000001
 21
1.9
 31
0.0
  0
ARC
  5
94
330
F1B
100
AcDbEntity
  8
0
 62
     0
370
    -2
100
AcDbCircle
 10
1.75
 20
1.95
 30
0.0
 40
0.05
100
AcDbArc
 50
0.0
 51
90.0
  0
LINE
  5
95
330
F1B
100
AcDbEntity
  8
0
 62
     0
370
    -2
100
AcDbLine
 10
1.75
 20
2.0
 30
0.0
 11
0.05
 21
2.0
 31
0.0
  0
LINE
  5
96
330
F1B
100
AcDbEntity
  8
0
 62
     0
370
    -2
100
AcDbLine
 10
1.8
 20
0.0499999999999998
 30
0.0
 11
1.8
 21
1.95
 31
0.0
  0
LINE
  5
97
330
F1B
100
AcDbEntity
  8
0
 62
     0
370
    -2
100
AcDbLine
 10
0.05
 20
0.0
 30
0.0
 11
1.75
 21
0.0
 31
0.0
  0
ARC
  5
98
330
F1B
100
AcDbEntity
  8
0
 62
     0
370
    -2
100
AcDbCircle
 10
1.75
 20
0.0499999999999998
 30
0.0
 40
0.05
100
AcDbArc
 50
270.0
 51
0.0
  0
ARC
  5
99
330
F1B
100
AcDbEntity
  8
0
 62
     0
370
    -2
100
AcDbCircle
 10
1.75
 20
1.45
 30
0.0
 40
0.05
100
AcDbArc
 50
0.0
 51
90.0
  0
ARC
  5
9A
330
F1B
100
AcDbEntity
  8
0
 62
     0
370
    -2
100
AcDbCircle
 10
1.1
 20
1.850000000000001
 30
0.0
 40
0.05
100
AcDbArc
 50
90.0
 51
180.0
  0
LINE
  5
9B
330
F1B
100
AcDbEntity
  8
0
 62
     0
370
    -2
100
AcDbLine
 10
1.05
 20
1.65
 30
0.0
 11
1.05
 21
1.850000000000001
 31
0.0
  0
ARC
  5
9C
330
F1B
100
AcDbEntity
  8
0
 62
     0
370
    -2
100
AcDbCircle
 10
1.1
 20
1.65
 30
0.0
 40
0.05
100
AcDbArc
 50
180.0
 51
270.0
  0
ARC
  5
9D
330
F1B
100
AcDbEntity
  8
0
 62
     0
370
    -2
100
AcDbCircle
 10
1.6
 20
1.65
 30
0.0
 40
0.05
100
AcDbArc
 50
270.0
 51
0.0
  0
LINE
  5
9E
330
F1B
100
AcDbEntity
  8
0
 62
     0
370
    -2
100
AcDbLine
 10
1.65
 20
1.850000000000001
 30
0.0
 11
1.65
 21
1.65
 31
0.0
  0
ARC
  5
9F
330
F1B
100
AcDbEntity
  8
0
 62
     0
370
    -2
100
AcDbCircle
 10
1.6
 20
1.850000000000001
 30
0.0
 40
0.05
100
AcDbArc
 50
0.0
 51
90.0
  0
LINE
  5
A0
330
F1B
100
AcDbEntity
  8
0
 62
     0
370
    -2
100
AcDbLine
 10
1.6
 20
1.600000000000001
 30
0.0
 11
1.1
 21
1.600000000000001
 31
0.0
  0
LINE
  5
A1
330
F1B
100
AcDbEntity
  8
0
 62
     0
370
    -2
100
AcDbLine
 10
1.1
 20
1.9
 30
0.0
 11
1.6
 21
1.9
 31
0.0
  0
ARC
  5
A2
330
F1B
100
AcDbEntity
  8
0
 62
     0
370
    -2
100
AcDbCircle
 10
1.0
 20
1.45
 30
0.0
 40
0.05
100
AcDbArc
 50
90.0
 51
165.0000000000003
  0
ARC
  5
A3
330
F1B
100
AcDbEntity
  8
0
 62
     0
370
    -2
100
AcDbCircle
 10
0.9931635294889504
 20
1.4
 30
0.0
 40
0.1
100
AcDbArc
 50
90.0
 51
125.0
  0
ARC
  5
A4
330
F1B
100
AcDbEntity
  8
0
 62
     0
370
    -2
100
AcDbCircle
 10
0.6594918303783812
 20
0.5655765410954645
 30
0.0
 40
0.05
100
AcDbArc
 50
255.0
 51
345.0
  0
LINE
  5
A5
330
F1B
100
AcDbEntity
  8
0
 62
     0
370
    -2
100
AcDbLine
 10
0.7077881216928347
 20
0.5526355888403387
 30
0.0
 11
0.9517037086855464
 21
1.462940952255126
 31
0.0
  0
LINE
  5
A6
330
F1B
100
AcDbEntity
  8
0
 62
     0
370
    -2
100
AcDbLine
 10
0.6465508781232552
 20
0.5172802497810114
 30
0.0
 11
0.0
 21
0.6905230354397709
 31
0.0
  0
LINE
  5
A7
330
F1B
100
AcDbEntity
  8
0
 62
     0
370
    -2
100
AcDbLine
 10
0.0
 20
0.8266568688530214
 30
0.0
 11
0.9358058858538456
 21
1.481915204428899
 31
0.0
  0
LINE
  5
A8
330
F1B
100
AcDbEntity
  8
0
 62
     0
370
    -2
100
AcDbLine
 10
0.5982545868087994
 20
0.5302212020361381
 30
0.0
 11
0.8341962152888687
 21
1.410767347144297
 31
0.0
  0
LINE
  5
A9
330
F1B
100
AcDbEntity
  8
0
 62
     0
370
    -2
100
AcDbLine
 10
0.9348387313579396
 20
1.4
 30
0.0
 11
1.8
 21
1.4
 31
0.0
  0
LINE
  5
AA
330
F1B
100
AcDbEntity
  8
0
 62
     0
370
    -2
100
AcDbLine
 10
1.0
 20
1.5
 30
0.0
 11
1.75
 21
1.5
 31
0.0
  0
LINE
  5
AB
330
F1B
100
AcDbEntity
  8
0
 62
     0
370
    -2
100
AcDbLine
 10
0.5016620041798926
 20
0.5561031065463897
 30
0.0
 11
0.7067587799766887
 21
1.321534694288596
 31
0.0
  0
LINE
  5
AC
330
F1B
100
AcDbEntity
  8
0
  6
ByBlock
 62
     0
370
    -2
100
AcDbLine
 10
0.9080438121148274
 20
1.3
 30
0.0
 11
1.8
 21
1.3
 31
0.0
  0
ENDBLK
  5
F1D
330
F1B
100
AcDbEntity
  8
0
100
AcDbBlockEnd
  0
BLOCK
  5
F1F
330
F1E
100
AcDbEntity
  8
0
100
AcDbBlockBegin
  2
bed_single_90_200-0
 70
     0
 10
0.0
 20
0.0
 30
0.0
  3
bed_single_90_200-0
  1

  0
LINE
  5
6D
330
F1E
100
AcDbEntity
  8
0
 62
     0
370
    -2
100
AcDbLine
 10
0.4732050807568877
 20
1.4
 30
0.0
 11
0.8999999999999999
 21
1.4
 31
0.0
  0
LINE
  5
6E
330
F1E
100
AcDbEntity
  8
0
 62
     0
370
    -2
100
AcDbLine
 10
0.2393950216991268
 20
0.913779310791393
 30
0.0
 11
0.3725625646878168
 21
1.410767347144297
 31
0.0
  0
LINE
  5
6F
330
F1E
100
AcDbEntity
  8
0
 62
     0
370
    -2
100
AcDbLine
 10
0.2876913130135825
 20
0.9008383585362663
 30
0.0
 11
-0.000000000000002
 21
0.9779250135277056
 31
0.0
  0
ARC
  5
70
330
F1E
100
AcDbEntity
  8
0
 62
     0
370
    -2
100
AcDbCircle
 10
0.3006322652687086
 20
0.9491346498507198
 30
0.0
 40
0.05
100
AcDbArc
 50
255.0
 51
345.0
  0
ARC
  5
71
330
F1E
100
AcDbEntity
  8
0
 62
     0
370
    -2
100
AcDbCircle
 10
0.8500000000000001
 20
1.950000000000001
 30
0.0
 40
0.05
100
AcDbArc
 50
0.0
 51
90.0
  0
LINE
  5
72
330
F1E
100
AcDbEntity
  8
0
 62
     0
370
    -2
100
AcDbLine
 10
0.8500000000000001
 20
2.0
 30
0.0
 11
0.05
 21
2.0
 31
0.0
  0
ARC
  5
73
330
F1E
100
AcDbEntity
  8
0
 62
     0
370
    -2
100
AcDbCircle
 10
0.05
 20
1.950000000000001
 30
0.0
 40
0.05
100
AcDbArc
 50
89.99999999999996
 51
180.0
  0
LINE
  5
74
330
F1E
100
AcDbEntity
  8
0
 62
     0
370
    -2
100
AcDbLine
 10
0.0
 20
1.950000000000001
 30
0.0
 11
0.0
 21
0.0500000000000003
 31
0.0
  0
ARC
  5
75
330
F1E
100
AcDbEntity
  8
0
 62
     0
370
    -2
100
AcDbCircle
 10
0.05
 20
0.0499999999999998
 30
0.0
 40
0.05
100
AcDbArc
 50
180.0
 51
270.0
  0
LINE
  5
76
330
F1E
100
AcDbEntity
  8
0
 62
     0
370
    -2
100
AcDbLine
 10
0.9000000000000001
 20
0.0499999999999998
 30
0.0
 11
0.9000000000000001
 21
1.950000000000001
 31
0.0
  0
LINE
  5
77
330
F1E
100
AcDbEntity
  8
0
 62
     0
370
    -2
100
AcDbLine
 10
0.05
 20
0.0
 30
0.0
 11
0.8500000000000001
 21
0.0
 31
0.0
  0
ARC
  5
78
330
F1E
100
AcDbEntity
  8
0
 62
     0
370
    -2
100
AcDbCircle
 10
0.8500000000000001
 20
0.0499999999999998
 30
0.0
 40
0.05
100
AcDbArc
 50
270.0
 51
0.0
  0
ARC
  5
79
330
F1E
100
AcDbEntity
  8
0
 62
     0
370
    -2
100
AcDbCircle
 10
0.5383663493989481
 20
1.45
 30
0.0
 40
0.05
100
AcDbArc
 50
90.0
 51
165.0000000000003
  0
ARC
  5
7A
330
F1E
100
AcDbEntity
  8
0
 62
     0
370
    -2
100
AcDbCircle
 10
0.5315298788878985
 20
1.4
 30
0.0
 40
0.1
100
AcDbArc
 50
90.0
 51
125.0
  0
ARC
  5
7B
330
F1E
100
AcDbEntity
  8
0
 62
     0
370
    -2
100
AcDbCircle
 10
0.8500000000000001
 20
1.45
 30
0.0
 40
0.05
100
AcDbArc
 50
0.0
 51
90.0
  0
LINE
  5
7C
330
F1E
100
AcDbEntity
  8
0
 62
     0
370
    -2
100
AcDbLine
 10
0.348928556583162
 20
0.9361936975955936
 30
0.0
 11
0.4900700580844946
 21
1.462940952255126
 31
0.0
  0
LINE
  5
7D
330
F1E
100
AcDbEntity
  8
0
 62
     0
370
    -2
100
AcDbLine
 10
-0.000000000000002
 20
1.149896230895143
 30
0.0
 11
0.4741722352527938
 21
1.481915204428899
 31
0.0
  0
LINE
  5
7E
330
F1E
100
AcDbEntity
  8
0
 62
     0
370
    -2
100
AcDbLine
 10
0.5315298788878985
 20
1.5
 30
0.0
 11
0.8500000000000001
 21
1.5
 31
0.0
  0
ARC
  5
7F
330
F1E
100
AcDbEntity
  8
0
 62
     0
370
    -2
100
AcDbCircle
 10
0.2000000000000001
 20
1.85
 30
0.0
 40
0.05
100
AcDbArc
 50
90.0
 51
180.0
  0
LINE
  5
80
330
F1E
100
AcDbEntity
  8
0
 62
     0
370
    -2
100
AcDbLine
 10
0.1500000000000001
 20
1.65
 30
0.0
 11
0.1500000000000001
 21
1.85
 31
0.0
  0
ARC
  5
81
330
F1E
100
AcDbEntity
  8
0
 62
     0
370
    -2
100
AcDbCircle
 10
0.2000000000000001
 20
1.65
 30
0.0
 40
0.05
100
AcDbArc
 50
180.0
 51
270.0
  0
ARC
  5
82
330
F1E
100
AcDbEntity
  8
0
 62
     0
370
    -2
100
AcDbCircle
 10
0.7000000000000001
 20
1.65
 30
0.0
 40
0.05
100
AcDbArc
 50
270.0
 51
0.0
  0
LINE
  5
83
330
F1E
100
AcDbEntity
  8
0
 62
     0
370
    -2
100
AcDbLine
 10
0.7500000000000001
 20
1.85
 30
0.0
 11
0.7500000000000001
 21
1.65
 31
0.0
  0
ARC
  5
84
330
F1E
100
AcDbEntity
  8
0
 62
     0
370
    -2
100
AcDbCircle
 10
0.7000000000000001
 20
1.85
 30
0.0
 40
0.05
100
AcDbArc
 50
0.0
 51
90.0
  0
LINE
  5
85
330
F1E
100
AcDbEntity
  8
0
 62
     0
370
    -2
100
AcDbLine
 10
0.7000000000000001
 20
1.6
 30
0.0
 11
0.2000000000000001
 21
1.6
 31
0.0
  0
LINE
  5
86
330
F1E
100
AcDbEntity
  8
0
 62
     0
370
    -2
100
AcDbLine
 10
0.2000000000000001
 20
1.9
 30
0.0
 11
0.7000000000000001
 21
1.9
 31
0.0
  0
ENDBLK
  5
F20
330
F1E
100
AcDbEntity
  8
0
100
AcDbBlockEnd
  0
BLOCK
  5
F22
330
F21
100
AcDbEntity
  8
0
100
AcDbBlockBegin
  2
door_70-0
 70
     0
 10
0.0
 20
0.0
 30
0.0
  3
door_70-0
  1

  0
LINE
  5
54
330
F21
100
AcDbEntity
  8
0
 62
     0
370
    -2
100
AcDbLine
 10
0.6599999999999997
 20
-0.0500000000000003
 30
0.0
 11
0.6599999999999997
 21
0.0499999999999998
 31
0.0
  0
LINE
  5
55
330
F21
100
AcDbEntity
  8
0
 62
     0
370
    -2
100
AcDbLine
 10
0.6599999999999997
 20
0.0499999999999998
 30
0.0
 11
0.6999999999999997
 21
0.0499999999999998
 31
0.0
  0
LINE
  5
56
330
F21
100
AcDbEntity
  8
0
 62
     0
370
    -2
100
AcDbLine
 10
0.6999999999999997
 20
0.0499999999999998
 30
0.0
 11
0.6999999999999997
 21
-0.0500000000000003
 31
0.0
  0
LINE
  5
57
330
F21
100
AcDbEntity
  8
0
 62
     0
370
    -2
100
AcDbLine
 10
0.6999999999999997
 20
-0.0500000000000003
 30
0.0
 11
0.6599999999999997
 21
-0.0500000000000003
 31
0.0
  0
LINE
  5
58
330
F21
100
AcDbEntity
  8
0
 62
     0
370
    -2
100
AcDbLine
 10
0.6599999999999997
 20
-0.02
 30
0.0
 11
0.6599999999999997
 21
0.02
 31
0.0
  0
LINE
  5
59
330
F21
100
AcDbEntity
  8
0
 62
     0
370
    -2
100
AcDbLine
 10
0.6599999999999997
 20
0.02
 30
0.0
 11
0.6299999999999999
 21
0.0200000000000005
 31
0.0
  0
LINE
  5
5A
330
F21
100
AcDbEntity
  8
0
 62
     0
370
    -2
100
AcDbLine
 10
0.6299999999999999
 20
0.0200000000000005
 30
0.0
 11
0.6299999999999999
 21
-0.0199999999999991
 31
0.0
  0
LINE
  5
5B
330
F21
100
AcDbEntity
  8
0
 62
     0
370
    -2
100
AcDbLine
 10
0.6299999999999999
 20
-0.0199999999999991
 30
0.0
 11
0.6599999999999997
 21
-0.02
 31
0.0
  0
LINE
  5
5C
330
F21
100
AcDbEntity
  8
0
 62
     0
370
    -2
100
AcDbLine
 10
0.04
 20
-0.0499999999999998
 30
0.0
 11
0.04
 21
0.0499999999999998
 31
0.0
  0
LINE
  5
5D
330
F21
100
AcDbEntity
  8
0
 62
     0
370
    -2
100
AcDbLine
 10
0.04
 20
0.0499999999999998
 30
0.0
 11
0.0
 21
0.0500000000000003
 31
0.0
  0
LINE
  5
5E
330
F21
100
AcDbEntity
  8
0
 62
     0
370
    -2
100
AcDbLine
 10
0.0
 20
0.0500000000000003
 30
0.0
 11
0.0
 21
-0.0499999999999998
 31
0.0
  0
LINE
  5
5F
330
F21
100
AcDbEntity
  8
0
 62
     0
370
    -2
100
AcDbLine
 10
0.0
 20
-0.0499999999999998
 30
0.0
 11
0.04
 21
-0.0499999999999998
 31
0.0
  0
LINE
  5
60
330
F21
100
AcDbEntity
  8
0
 62
     0
370
    -2
100
AcDbLine
 10
0.04
 20
-0.02
 30
0.0
 11
0.04
 21
0.02
 31
0.0
  0
LINE
  5
61
330
F21
100
AcDbEntity
  8
0
 62
     0
370
    -2
100
AcDbLine
 10
0.04
 20
0.02
 30
0.0
 11
0.0699999999999998
 21
0.02
 31
0.0
  0
LINE
  5
62
330
F21
100
AcDbEntity
  8
0
 62
     0
370
    -2
100
AcDbLine
 10
0.0699999999999998
 20
0.02
 30
0.0
 11
0.0699999999999998
 21
-0.02
 31
0.0
  0
LINE
  5
63
330
F21
100
AcDbEntity
  8
0
 62
     0
370
    -2
100
AcDbLine
 10
0.0699999999999998
 20
-0.02
 30
0.0
 11
0.04
 21
-0.02
 31
0.0
  0
LINE
  5
64
330
F21
100
AcDbEntity
  8
0
 62
     0
370
    -2
100
AcDbLine
 10
0.6599999999999997
 20
0.0499999999999998
 30
0.0
 11
0.04
 21
0.0499999999999998
 31
0.0
  0
LINE
  5
65
330
F21
100
AcDbEntity
  8
0
 62
     0
370
    -2
100
AcDbLine
 10
0.04
 20
-0.0499999999999998
 30
0.0
 11
0.6599999999999997
 21
-0.0500000000000003
 31
0.0
  0
LINE
  5
66
330
F21
100
AcDbEntity
  8
0
 62
     0
370
    -2
100
AcDbLine
 10
0.04
 20
0.0499999999999998
 30
0.0
 11
0.0699999999999998
 21
0.0499999999999998
 31
0.0
  0
LINE
  5
67
330
F21
100
AcDbEntity
  8
0
 62
     0
370
    -2
100
AcDbLine
 10
0.0699999999999998
 20
0.0499999999999998
 30
0.0
 11
0.0699999999999998
 21
0.6400000000000001
 31
0.0
  0
LINE
  5
68
330
F21
100
AcDbEntity
  8
0
 62
     0
370
    -2
100
AcDbLine
 10
0.0699999999999998
 20
0.6400000000000001
 30
0.0
 11
0.04
 21
0.6400000000000001
 31
0.0
  0
LINE
  5
69
330
F21
100
AcDbEntity
  8
0
 62
     0
370
    -2
100
AcDbLine
 10
0.04
 20
0.6400000000000001
 30
0.0
 11
0.04
 21
0.0499999999999998
 31
0.0
  0
ARC
  5
6A
330
F21
100
AcDbEntity
  8
0
 62
     0
370
    -2
100
AcDbCircle
 10
0.0715322268259504
 20
0.0515322268259508
 30
0.0
 40
0.5884697679434948
100
AcDbArc
 50
359.8508160752486
 51
90.14918392475174
  0
ENDBLK
  5
F23
330
F21
100
AcDbEntity
  8
0
100
AcDbBlockEnd
  0
BLOCK
  5
F25
330
F24
100
AcDbEntity
  8
0
100
AcDbBlockBegin
  2
shower-0
 70
     0
 10
0.0
 20
0.0
 30
0.0
  3
shower-0
  1

  0
LINE
  5
C8
330
F24
100
AcDbEntity
  8
0
 62
     0
370
    -2
100
AcDbLine
 10
-0.3499999999999999
 20
0.0
 30
0.0
 11
0.3500000000000001
 21
0.0
 31
0.0
  0
LINE
  5
C9
330
F24
100
AcDbEntity
  8
0
 62
     0
370
    -2
100
AcDbLine
 10
0.3500000000000001
 20
0.0
 30
0.0
 11
0.3500000000000001
 21
0.6999999999999993
 31
0.0
  0
LINE
  5
CA
330
F24
100
AcDbEntity
  8
0
 62
     0
370
    -2
100
AcDbLine
 10
0.3500000000000001
 20
0.6999999999999993
 30
0.0
 11
-0.3499999999999999
 21
0.6999999999999993
 31
0.0
  0
LINE
  5
CB
330
F24
100
AcDbEntity
  8
0
 62
     0
370
    -2
100
AcDbLine
 10
-0.3499999999999999
 20
0.6999999999999993
 30
0.0
 11
-0.3499999999999999
 21
0.0
 31
0.0
  0
LINE
  5
CC
330
F24
100
AcDbEntity
  8
0
 62
     0
370
    -2
100
AcDbLine
 10
0.3200000000000003
 20
0.0300000000000002
 30
0.0
 11
0.3200000000000003
 21
0.669999999999999
 31
0.0
  0
LINE
  5
CD
330
F24
100
AcDbEntity
  8
0
 62
     0
370
    -2
100
AcDbLine
 10
0.3200000000000003
 20
0.669999999999999
 30
0.0
 11
-0.3200000000000005
 21
0.669999999999999
 31
0.0
  0
LINE
  5
CE
330
F24
100
AcDbEntity
  8
0
 62
     0
370
    -2
100
AcDbLine
 10
-0.3200000000000005
 20
0.0300000000000002
 30
0.0
 11
0.3200000000000003
 21
0.0300000000000002
 31
0.0
  0
LINE
  5
CF
330
F24
100
AcDbEntity
  8
0
 62
     0
370
    -2
100
AcDbLine
 10
-0.3200000000000005
 20
0.669999999999999
 30
0.0
 11
-0.3200000000000005
 21
0.0300000000000002
 31
0.0
  0
CIRCLE
  5
D0
330
F24
100
AcDbEntity
  8
0
 62
     0
370
    -2
100
AcDbCircle
 10
0.25
 20
0.6000000000000005
 30
0.0
 40
0.02
  0
CIRCLE
  5
D1
330
F24
100
AcDbEntity
  8
0
 62
     0
370
    -2
100
AcDbCircle
 10
0.25
 20
0.6000000000000005
 30
0.0
 40
0.016
  0
LINE
  5
D2
330
F24
100
AcDbEntity
  8
0
 62
     0
370
    -2
100
AcDbLine
 10
0.25
 20
0.0999999999999996
 30
0.0
 11
0.25
 21
0.4999999999999991
 31
0.0
  0
LINE
  5
D3
330
F24
100
AcDbEntity
  8
0
 62
     0
370
    -2
100
AcDbLine
 10
0.1499999999999999
 20
0.5999999999999996
 30
0.0
 11
-0.2500000000000002
 21
0.5999999999999996
 31
0.0
  0
LINE
  5
D4
330
F24
100
AcDbEntity
  8
0
 62
     0
370
    -2
100
AcDbLine
 10
0.1499999999999999
 20
0.4999999999999991
 30
0.0
 11
-0.2500000000000002
 21
0.0999999999999996
 31
0.0
  0
LINE
  5
D5
330
F24
100
AcDbEntity
  8
0
 62
     0
370
    -2
100
AcDbLine
 10
0.0100000000000002
 20
0.1317157287525372
 30
0.0
 11
0.0099999999999998
 21
0.0300000000000002
 31
0.0
  0
LINE
  5
D6
330
F24
100
AcDbEntity
  8
0
 62
     0
370
    -2
100
AcDbLine
 10
-0.0099999999999993
 20
0.1317157287525372
 30
0.0
 11
-0.0099999999999998
 21
0.0300000000000002
 31
0.0
  0
ARC
  5
D7
330
F24
100
AcDbEntity
  8
0
 62
     0
370
    -2
100
AcDbCircle
 10
0.0000000000000004
 20
0.1599999999999993
 30
0.0
 40
0.0299999999999998
100
AcDbArc
 50
289.4712206344902
 51
250.5287793655098
  0
ENDBLK
  5
F26
330
F24
100
AcDbEntity
  8
0
100
AcDbBlockEnd
  0
BLOCK
  5
F28
330
F27
100
AcDbEntity
  8
0
100
AcDbBlockBegin
  2
sink-0
 70
     0
 10
0.0
 20
0.0
 30
0.0
  3
sink-0
  1

  0
ELLIPSE
  5
AF
330
F27
100
AcDbEntity
  8
0
 62
     0
370
    -2
100
AcDbEllipse
 10
0.0
 20
0.1400000000000006
 30
0.0
 11
-0.16
 21
1.959430000000000E-17
 31
0.0
210
0.0
220
0.0
230
1.0
 40
0.8750000000000001
 41
3.141589999984035
 42
6.283185307179586
  0
ARC
  5
B0
330
F27
100
AcDbEntity
  8
0
 62
     0
370
    -2
100
AcDbCircle
 10
0.0
 20
0.1000000000000005
 30
0.0
 40
0.1999999999999993
100
AcDbArc
 50
329.9999999999998
 51
210.0000000000003
  0
ARC
  5
B1
330
F27
100
AcDbEntity
  8
0
 62
     0
370
    -2
100
AcDbCircle
 10
-0.126491106406735
 20
0.0700000000000003
 30
0.0
 40
0.05
100
AcDbArc
 50
193.3423637970882
 51
270.0
  0
ARC
  5
B2
330
F27
100
AcDbEntity
  8
0
 62
     0
370
    -2
100
AcDbCircle
 10
0.1264911064067347
 20
0.0700000000000003
 30
0.0
 40
0.05
100
AcDbArc
 50
270.0
 51
346.6576362029118
  0
ARC
  5
B3
330
F27
100
AcDbEntity
  8
0
 62
     0
370
    -2
100
AcDbCircle
 10
0.0
 20
0.1000000000000005
 30
0.0
 40
0.1799999999999997
100
AcDbArc
 50
346.6576362029116
 51
193.3423637970883
  0
LINE
  5
B4
330
F27
100
AcDbEntity
  8
0
 62
     0
370
    -2
100
AcDbLine
 10
0.1264911064067347
 20
0.0200000000000005
 30
0.0
 11
-0.126491106406735
 21
0.0200000000000005
 31
0.0
  0
LINE
  5
B5
330
F27
100
AcDbEntity
  8
0
 62
     0
370
    -2
100
AcDbLine
 10
0.1732050807568868
 20
0.0
 30
0.0
 11
-0.1732050807568867
 21
0.0
 31
0.0
  0
LINE
  5
B6
330
F27
100
AcDbEntity
  8
0
 62
     0
370
    -2
100
AcDbLine
 10
0.0150000000000001
 20
0.120000000000001
 30
0.0
 11
0.0150000000000001
 21
0.0500000000000007
 31
0.0
  0
LINE
  5
B7
330
F27
100
AcDbEntity
  8
0
 62
     0
370
    -2
100
AcDbLine
 10
-0.0149999999999999
 20
0.0500000000000007
 30
0.0
 11
-0.0149999999999999
 21
0.120000000000001
 31
0.0
  0
ARC
  5
B8
330
F27
100
AcDbEntity
  8
0
 62
     0
370
    -2
100
AcDbCircle
 10
0.0
 20
0.1200000000000001
 30
0.0
 40
0.0150000000000001
100
AcDbArc
 50
0.0
 51
180.0
  0
ARC
  5
B9
330
F27
100
AcDbEntity
  8
0
 62
     0
370
    -2
100
AcDbCircle
 10
0.0
 20
0.0499999999999998
 30
0.0
 40
0.0149999999999999
100
AcDbArc
 50
180.0
 51
0.0
  0
ELLIPSE
  5
BA
330
F27
100
AcDbEntity
  8
0
 62
     0
370
    -2
100
AcDbEllipse
 10
0.0
 20
0.1399999999999997
 30
0.0
 11
-0.1600000000000001
 21
0.0
 31
0.0
210
0.0
220
0.0
230
1.0
 40
0.3749999999999972
 41
0.0
 42
1.476908451687381
  0
ELLIPSE
  5
BB
330
F27
100
AcDbEntity
  8
0
 62
     0
370
    -2
100
AcDbEllipse
 10
0.0
 20
0.1399999999999997
 30
0.0
 11
0.1600000000000001
 21
0.0
 31
0.0
210
0.0
220
0.0
230
1.0
 40
0.3749999999999972
 41
4.806276855492206
 42
6.283185307179586
  0
CIRCLE
  5
BC
330
F27
100
AcDbEntity
  8
0
 62
     0
370
    -2
100
AcDbCircle
 10
0.0
 20
0.1699999999999999
 30
0.0
 40
0.0100000000000002
  0
CIRCLE
  5
BD
330
F27
100
AcDbEntity
  8
0
 62
     0
370
    -2
100
AcDbCircle
 10
0.0
 20
0.1699999999999999
 30
0.0
 40
0.012
  0
LINE
  5
BE
330
F27
100
AcDbEntity
  8
0
 62
     0
370
    -2
100
AcDbLine
 10
-0.0499999999999998
 20
0.0600000000000005
 30
0.0
 11
-0.0599999999999998
 21
0.0499999999999998
 31
0.0
  0
LINE
  5
BF
330
F27
100
AcDbEntity
  8
0
 62
     0
370
    -2
100
AcDbLine
 10
-0.0599999999999998
 20
0.0499999999999998
 30
0.0
 11
-0.0499999999999998
 21
0.04
 31
0.0
  0
LINE
  5
C0
330
F27
100
AcDbEntity
  8
0
 62
     0
370
    -2
100
AcDbLine
 10
-0.0499999999999998
 20
0.04
 30
0.0
 11
-0.0399999999999998
 21
0.0499999999999998
 31
0.0
  0
LINE
  5
C1
330
F27
100
AcDbEntity
  8
0
 62
     0
370
    -2
100
AcDbLine
 10
-0.0399999999999998
 20
0.0499999999999998
 30
0.0
 11
-0.0499999999999998
 21
0.0600000000000005
 31
0.0
  0
LINE
  5
C2
330
F27
100
AcDbEntity
  8
0
 62
     0
370
    -2
100
AcDbLine
 10
0.0500000000000003
 20
0.0600000000000005
 30
0.0
 11
0.04
 21
0.0500000000000007
 31
0.0
  0
LINE
  5
C3
330
F27
100
AcDbEntity
  8
0
 62
     0
370
    -2
100
AcDbLine
 10
0.04
 20
0.0500000000000007
 30
0.0
 11
0.0500000000000003
 21
0.04
 31
0.0
  0
LINE
  5
C4
330
F27
100
AcDbEntity
  8
0
 62
     0
370
    -2
100
AcDbLine
 10
0.0500000000000003
 20
0.04
 30
0.0
 11
0.0600000000000005
 21
0.0500000000000007
 31
0.0
  0
LINE
  5
C5
330
F27
100
AcDbEntity
  8
0
 62
     0
370
    -2
100
AcDbLine
 10
0.0600000000000005
 20
0.0500000000000007
 30
0.0
 11
0.0500000000000003
 21
0.0600000000000005
 31
0.0
  0
ENDBLK
  5
F29
330
F27
100
AcDbEntity
  8
0
100
AcDbBlockEnd
  0
BLOCK
  5
F2B
330
F2A
100
AcDbEntity
  8
0
100
AcDbBlockBegin
  2
toilet-0
 70
     0
 10
0.0
 20
0.0
 30
0.0
  3
toilet-0
  1

  0
LINE
  5
10A
330
F2A
100
AcDbEntity
  8
0
 62
     0
370
    -2
100
AcDbLine
 10
0.0
 20
0.0000000000000142
 30
0.0
 11
0.0
 21
2.800000000000026
 31
0.0
  0
LINE
  5
10B
330
F2A
100
AcDbEntity
  8
0
 62
     0
370
    -2
100
AcDbLine
 10
-1.000000000000014
 20
0.0000000000000142
 30
0.0
 11
-1.000000000000014
 21
2.800000000000026
 31
0.0
  0
LINE
  5
10C
330
F2A
100
AcDbEntity
  8
0
 62
     0
370
    -2
100
AcDbLine
 10
-1.000000000000014
 20
0.2000000000000455
 30
0.0
 11
-1.799999999999997
 21
0.2000000000000455
 31
0.0
  0
LINE
  5
10D
330
F2A
100
AcDbEntity
  8
0
 62
     0
370
    -2
100
AcDbLine
 10
-1.000000000000014
 20
2.599999999999994
 30
0.0
 11
-1.799999999999997
 21
2.599999999999994
 31
0.0
  0
LINE
  5
10E
330
F2A
100
AcDbEntity
  8
0
 62
     0
370
    -2
100
AcDbLine
 10
0.0
 20
2.800000000000026
 30
0.0
 11
-1.000000000000014
 21
2.800000000000026
 31
0.0
  0
LINE
  5
10F
330
F2A
100
AcDbEntity
  8
0
 62
     0
370
    -2
100
AcDbLine
 10
0.0
 20
0.0000000000000142
 30
0.0
 11
-1.000000000000014
 21
0.0000000000000142
 31
0.0
  0
LWPOLYLINE
  5
110
330
F2A
100
AcDbEntity
  8
0
 62
     0
370
    -2
100
AcDbPolyline
 90
       79
 70
     0
 43
0.0
 10
-1.799998698730933
 20
2.600002312262146
 42
0.0087153470100718
 10
-1.862973602352875
 20
2.634011211949769
 42
0.0109911215339822
 10
-1.94676292765551
 20
2.675152565013122
 42
0.012015053061247
 10
-2.043615457875511
 20
2.717382762057725
 42
0.0134906835207038
 10
-2.158691373561402
 20
2.760831504901539
 42
0.0158436548302292
 10
-2.301848094926027
 20
2.805641651901702
 42
0.0204569631713195
 10
-2.497955107485809
 20
2.851971899114814
 42
0.0477235361574012
 10
-2.999999999999971
 20
2.900000000000019
 42
0.0477235361574015
 10
-3.502044892514128
 20
2.851971899114816
 42
0.0204569631713195
 10
-3.698151905073929
 20
2.805641651901718
 42
0.0158436548302292
 10
-3.841308626438626
 20
2.760831504901489
 42
0.0134906835207038
 10
-3.956384542124498
 20
2.717382762057668
 42
0.0120150530612471
 10
-4.053237072344489
 20
2.675152565013161
 42
0.0109911215339822
 10
-4.137026397647089
 20
2.634011211949754
 42
0.0102372208426478
 10
-4.210873926963773
 20
2.593839891824729
 42
0.009660957003887
 10
-4.276845693109983
 20
2.554528737296025
 42
0.0092098093039057
 10
-4.336396172174181
 20
2.515975118421764
 42
0.0088515537176372
 10
-4.39059632885172
 20
2.478082112238513
 42
0.0085653212262765
 10
-4.440262121803315
 20
2.440757091751232
 42
0.0083370790778235
 10
-4.486032118198477
 20
2.403910382365638
 42
0.0081571702010395
 10
-4.528416978878905
 20
2.36745393456459
 42
0.0080188981442961
 10
-4.567832410223134
 20
2.331299958427893
 42
0.0079176837694453
 10
-4.604621903084158
 20
2.295359457609207
 42
0.0078505570264861
 10
-4.639072898351944
 20
2.259540586047054
 42
0.0078158607267913
 10
-4.671428572949077
 20
2.223746727222782
 42
0.0078131025910293
 10
-4.701896620688339
 20
2.187874158432326
 42
0.007842926715648
 10
-4.730655918042252
 20
2.151809103101841
 42
0.0079072004714685
 10
-4.757861667964699
 20
2.115423878144224
 42
0.0080092366708721
 10
-4.783649427072907
 20
2.078571684299206
 42
0.0081542021155616
 10
-4.808138299346936
 20
2.041079315194056
 42
0.0083498151994559
 10
-4.831433498088369
 20
2.002736575893548
 42
0.008607532787538
 10
-4.853628422423591
 20
1.963280294583163
 42
0.0089446296216515
 10
-4.874806356112651
 20
1.922369011315018
 42
0.009388035139581
 10
-4.895041869189754
 20
1.879540589142441
 42
0.0099819530441037
 10
-4.914401983392278
 20
1.834136025187819
 42
0.0108045997141316
 10
-4.932947148073843
 20
1.785149151691622
 42
0.0120106129392016
 10
-4.950732062758037
 20
1.730888932833841
 42
0.0139647500150433
 10
-4.967806374612055
 20
1.668053475113375
 42
0.0179025367138099
 10
-4.984215273159583
 20
1.588083716042036
 42
0.0418883430340026
 10
-4.999999999999993
 20
1.400000000000131
 42
0.0418883430340005
 10
-4.98421527315957
 20
1.211916283958071
 42
0.0179025367138094
 10
-4.967806374612046
 20
1.131946524886563
 42
0.0139647500150434
 10
-4.950732062758025
 20
1.069111067166143
 42
0.0120106129392017
 10
-4.932947148073827
 20
1.014850848308397
 42
0.0108045997141324
 10
-4.914401983392226
 20
0.9658639748121733
 42
0.0099819530441039
 10
-4.895041869189743
 20
0.9204594108575793
 42
0.0093880351395811
 10
-4.874806356112668
 20
0.8776309886849905
 42
0.0089446296216517
 10
-4.853628422423565
 20
0.8367197054168252
 42
0.0086075327875381
 10
-4.831433498088362
 20
0.797263424106462
 42
0.0083498151994559
 10
-4.808138299346878
 20
0.7589206848059727
 42
0.008154202115561
 10
-4.783649427072929
 20
0.7214283157007862
 42
0.0080092366708721
 10
-4.757861667964686
 20
0.6845761218557334
 42
0.0079072004714686
 10
-4.730655918042247
 20
0.6481908968981923
 42
0.0078429267156474
 10
-4.701896620688345
 20
0.612125841567678
 42
0.0078131025910294
 10
-4.671428572949097
 20
0.5762532727772718
 42
0.0078158607267914
 10
-4.639072898351905
 20
0.5404594139529688
 42
0.0078505570264862
 10
-4.604621903084145
 20
0.5046405423908009
 42
0.0079176837694453
 10
-4.567832410223142
 20
0.468700041572101
 42
0.0080188981442961
 10
-4.528416978878911
 20
0.4325460654354218
 42
0.0081571702010395
 10
-4.486032118198481
 20
0.3960896176344215
 42
0.0083370790778236
 10
-4.440262121803324
 20
0.359242908248782
 42
0.0085653212262765
 10
-4.390596328851711
 20
0.3219178877615243
 42
0.0088515537176371
 10
-4.336396172174187
 20
0.2840248815782362
 42
0.0092098093039057
 10
-4.276845693109983
 20
0.2454712627039948
 42
0.0096609570038871
 10
-4.210873926963767
 20
0.2061601081752864
 42
0.0102372208426478
 10
-4.137026397647137
 20
0.1659887880502919
 42
0.0109911215339824
 10
-4.053237072344513
 20
0.1248474349869038
 42
0.0120150530612472
 10
-3.956384542124507
 20
0.0826172379423178
 42
0.0134906835207038
 10
-3.841308626438613
 20
0.039168495098481
 42
0.0158436548302292
 10
-3.698151905073993
 20
-0.0056416519016538
 42
0.0204569631713193
 10
-3.502044892514137
 20
-0.0519718991147577
 42
0.0477235361574011
 10
-2.999999999999981
 20
-0.099999999999985
 42
0.0477235361574013
 10
-2.497955107485817
 20
-0.0519718991147751
 42
0.0204569631713193
 10
-2.301848094926019
 20
-0.0056416519016649
 42
0.0158436548302294
 10
-2.158691373561387
 20
0.0391684950985263
 42
0.0134906835207038
 10
-2.043615457875519
 20
0.0826172379422867
 42
0.012015053061247
 10
-1.946762927655522
 20
0.1248474349868618
 42
0.0109911215339822
 10
-1.862973602352863
 20
0.1659887880502826
 42
0.0087153470100713
 10
-1.799999999999984
 20
0.1999999999999762
  0
LWPOLYLINE
  5
111
330
F2A
100
AcDbEntity
  8
0
 62
     0
370
    -2
100
AcDbPolyline
 90
      129
 70
     0
 43
0.0
 10
-4.500000000000019
 20
1.400000000000021
 42
0.0410433381599053
 10
-4.491012364449532
 20
1.290694863272761
 42
0.0175909070454276
 10
-4.481623787780339
 20
1.243950219504625
 42
0.0137192401602662
 10
-4.471804783692091
 20
1.207022535914322
 42
0.0118055284109616
 10
-4.461522775491401
 20
1.174955632305503
 42
0.0106264414527774
 10
-4.450741667046605
 20
1.145835909962912
 42
0.0098237733859465
 10
-4.43942133820078
 20
1.118680718256008
 42
0.0092457923640616
 10
-4.427517048252299
 20
1.092902420900958
 42
0.0088158017537766
 10
-4.414978726809241
 20
1.068113002713801
 42
0.0084904921491986
 10
-4.401750125691557
 20
1.044037089869832
 42
0.0082435116835474
 10
-4.387767798074353
 20
1.020467809224914
 42
0.008057990163842
 10
-4.372959861059559
 20
0.9972421626837105
 42
0.0079227766884899
 10
-4.357244484285133
 20
0.9742262416741897
 42
0.0078304025467277
 10
-4.340528028551528
 20
0.9513057934812909
 42
0.0077759207124282
 10
-4.322702732492203
 20
0.9283798696890478
 42
0.007756226499539
 10
-4.303643808627211
 20
0.9053563256790746
 42
0.0077696633452967
 10
-4.283205757357178
 20
0.8821484621651196
 42
0.0078158136100398
 10
-4.261217630086573
 20
0.8586723770585631
 42
0.0078954251840116
 10
-4.237476856814824
 20
0.8348447494133983
 42
0.0080104558685951
 10
-4.211741075877089
 20
0.8105808640771479
 42
0.0081642416820995
 10
-4.183717123615073
 20
0.7857927344905229
 42
0.0083618210204711
 10
-4.153045886917261
 20
0.7603872064849662
 42
0.0086104832587065
 10
-4.119280955607031
 20
0.7342639353766953
 42
0.0089206731493832
 10
-4.081857666920103
 20
0.7073131255670972
 42
0.0093075026766266
 10
-4.040046654320137
 20
0.6794129070026396
 42
0.0097933730650244
 10
-3.99288116053389
 20
0.6504261948556518
 42
0.0104127797181521
 10
-3.939037166653959
 20
0.6201968340543229
 42
0.0112218018749687
 10
-3.876621864578158
 20
0.5885447622275946
 42
0.0123188401218502
 10
-3.802764954495016
 20
0.5552598222373144
 42
0.0138968491744019
 10
-3.71272086710469
 20
0.5200937005457311
 42
0.0164065933014424
 10
-3.597465317412239
 20
0.4827492298566125
 42
0.0213079376150059
 10
-3.434467838757667
 20
0.4428659220626638
 42
0.0492120525828049
 10
-2.999999999999981
 20
0.4000000000000314
 42
0.0492120525828051
 10
-2.565532161242299
 20
0.4428659220626749
 42
0.0213079376150061
 10
-2.402534682587739
 20
0.4827492298566125
 42
0.016406593301442
 10
-2.287279132895318
 20
0.5200937005457233
 42
0.0138968491744019
 10
-2.197235045505031
 20
0.5552598222373495
 42
0.0123188401218504
 10
-2.123378135421881
 20
0.5885447622275908
 42
0.0112218018749687
 10
-2.060962833346057
 20
0.62019683405431
 42
0.0104127797181521
 10
-2.007118839466143
 20
0.6504261948556129
 42
0.0097933730650244
 10
-1.959953345679856
 20
0.6794129070026502
 42
0.0093075026766264
 10
-1.9181423330799
 20
0.7073131255671425
 42
0.0089206731493834
 10
-1.88071904439292
 20
0.7342639353766498
 42
0.0086104832587065
 10
-1.846954113082723
 20
0.7603872064849962
 42
0.0083618210204711
 10
-1.816282876384949
 20
0.7857927344904954
 42
0.0081642416820995
 10
-1.788258924122906
 20
0.8105808640771262
 42
0.0080104558685952
 10
-1.76252314318512
 20
0.8348447494134336
 42
0.0078954251840115
 10
-1.738782369913384
 20
0.8586723770585506
 42
0.00781581361004
 10
-1.716794242642788
 20
0.8821484621651352
 42
0.007769663345297
 10
-1.696356191372804
 20
0.9053563256790321
 42
0.0077562264995392
 10
-1.677297267507828
 20
0.9283798696890646
 42
0.0077759207124282
 10
-1.659471971448499
 20
0.9513057934812866
 42
0.0078304025467274
 10
-1.642755515714839
 20
0.9742262416741889
 42
0.0079227766884902
 10
-1.627040138940403
 20
0.9972421626837156
 42
0.0080579901638418
 10
-1.61223220192563
 20
1.020467809224872
 42
0.0082435116835473
 10
-1.598249874308455
 20
1.044037089869849
 42
0.0084904921491997
 10
-1.585021273190733
 20
1.068113002713766
 42
0.0088158017537761
 10
-1.572482951747736
 20
1.092902420900991
 42
0.0092457923640614
 10
-1.560578661799176
 20
1.118680718255992
 42
0.0098237733859467
 10
-1.549258332953407
 20
1.14583590996287
 42
0.0106264414527775
 10
-1.538477224508538
 20
1.174955632305513
 42
0.0118055284109606
 10
-1.52819521630792
 20
1.207022535914327
 42
0.0137192401602662
 10
-1.518376212219682
 20
1.243950219504561
 42
0.0175909070454275
 10
-1.508987635550465
 20
1.290694863272811
 42
0.04104333815987
 10
-1.499999999999998
 20
1.399999999999926
 42
0.0410433381598581
 10
-1.508987635550482
 20
1.50930513672728
 42
0.0175909070454277
 10
-1.518376212219676
 20
1.556049780495417
 42
0.0137192401602665
 10
-1.528195216307922
 20
1.592977464085719
 42
0.0118055284109618
 10
-1.538477224508541
 20
1.625044367694541
 42
0.0106264414527774
 10
-1.549258332953404
 20
1.65416409003713
 42
0.0098237733859464
 10
-1.56057866179916
 20
1.681319281744035
 42
0.0092457923640615
 10
-1.572482951747717
 20
1.707097579099082
 42
0.0088158017537763
 10
-1.585021273190764
 20
1.731886997286243
 42
0.0084904921491989
 10
-1.598249874308453
 20
1.755962910130214
 42
0.0082435116835472
 10
-1.612232201925595
 20
1.779532190775117
 42
0.0080579901638419
 10
-1.627040138940451
 20
1.802757837316267
 42
0.0079227766884902
 10
-1.642755515714809
 20
1.825773758325847
 42
0.0078304025467276
 10
-1.659471971448489
 20
1.84869420651875
 42
0.0077759207124284
 10
-1.677297267507813
 20
1.871620130310997
 42
0.0077562264995388
 10
-1.696356191372799
 20
1.894643674320968
 42
0.0077696633452968
 10
-1.716794242642841
 20
1.917851537834919
 42
0.0078158136100398
 10
-1.738782369913372
 20
1.941327622941478
 42
0.0078954251840115
 10
-1.762523143185127
 20
1.965155250586631
 42
0.008010455868595
 10
-1.788258924122925
 20
1.989419135922891
 42
0.0081642416820995
 10
-1.816282876384963
 20
2.014207265509497
 42
0.0083618210204713
 10
-1.846954113082758
 20
2.039612793515001
 42
0.0086104832587063
 10
-1.880719044392977
 20
2.06573606462336
 42
0.0089206731493833
 10
-1.918142333079861
 20
2.092686874432908
 42
0.0093075026766266
 10
-1.959953345679884
 20
2.120587092997392
 42
0.0097933730650244
 10
-2.007118839466145
 20
2.149573805144425
 42
0.0104127797181524
 10
-2.06096283334605
 20
2.17980316594566
 42
0.0112218018749686
 10
-2.123378135421868
 20
2.211455237772425
 42
0.0123188401218502
 10
-2.197235045504999
 20
2.244740177762656
 42
0.0138968491744017
 10
-2.28727913289532
 20
2.279906299454322
 42
0.016406593301442
 10
-2.402534682587781
 20
2.317250770143417
 42
0.0213079376150059
 10
-2.56553216124235
 20
2.357134077937397
 42
0.0492120525828051
 10
-2.999999999999969
 20
2.400000000000002
 42
0.0492120525828051
 10
-3.434467838757653
 20
2.35713407793737
 42
0.0213079376150059
 10
-3.597465317412203
 20
2.317250770143418
 42
0.016406593301442
 10
-3.712720867104711
 20
2.279906299454331
 42
0.0138968491744015
 10
-3.802764954494983
 20
2.244740177762688
 42
0.0123188401218504
 10
-3.876621864578129
 20
2.211455237772439
 42
0.0112218018749687
 10
-3.939037166653967
 20
2.179803165945669
 42
0.010412779718152
 10
-3.992881160533874
 20
2.149573805144427
 42
0.0097933730650244
 10
-4.040046654320163
 20
2.120587092997388
 42
0.0093075026766265
 10
-4.081857666920116
 20
2.092686874432899
 42
0.0089206731493834
 10
-4.119280955607016
 20
2.065736064623378
 42
0.0086104832587064
 10
-4.153045886917225
 20
2.039612793515042
 42
0.0083618210204708
 10
-4.183717123615062
 20
2.014207265509546
 42
0.0081642416820995
 10
-4.211741075877113
 20
1.989419135922912
 42
0.0080104558685945
 10
-4.237476856814824
 20
1.965155250586603
 42
0.0078954251840116
 10
-4.261217630086561
 20
1.941327622941489
 42
0.00781581361004
 10
-4.283205757357155
 20
1.917851537834905
 42
0.0077696633452972
 10
-4.303643808627191
 20
1.894643674320987
 42
0.0077562264995389
 10
-4.322702732492186
 20
1.871620130310974
 42
0.0077759207124282
 10
-4.340528028551527
 20
1.848694206518753
 42
0.0078304025467273
 10
-4.35724448428518
 20
1.825773758325853
 42
0.0079227766884901
 10
-4.372959861059527
 20
1.802757837316317
 42
0.0080579901638421
 10
-4.387767798074384
 20
1.779532190775097
 42
0.0082435116835471
 10
-4.40175012569156
 20
1.755962910130196
 42
0.0084904921491996
 10
-4.414978726809274
 20
1.731886997286268
 42
0.0088158017537764
 10
-4.427517048252278
 20
1.707097579099038
 42
0.0092457923640614
 10
-4.439421338200829
 20
1.681319281744045
 42
0.0098237733859464
 10
-4.450741667046607
 20
1.654164090037172
 42
0.0106264414527774
 10
-4.461522775491412
 20
1.625044367694525
 42
0.0118055284109614
 10
-4.471804783692095
 20
1.592977464085709
 42
0.013719240160266
 10
-4.481623787780334
 20
1.556049780495478
 42
0.0175909070454278
 10
-4.491012364449476
 20
1.509305136727226
 42
0.0410433381600347
 10
-4.500000000000015
 20
1.399999999999673
  0
ENDBLK
  5
F2C
330
F2A
100
AcDbEntity
  8
0
100
AcDbBlockEnd
  0
BLOCK
  5
F2E
330
F2D
100
AcDbEntity
  8
0
100
AcDbBlockBegin
  2
window_70-0
 70
     0
 10
0.0
 20
0.0
 30
0.0
  3
window_70-0
  1

  0
LINE
  5
DA
330
F2D
100
AcDbEntity
  8
0
 62
     0
370
    -2
100
AcDbLine
 10
0.6599999999999997
 20
-0.0500000000000002
 30
0.0
 11
0.6599999999999997
 21
0.0499999999999999
 31
0.0
  0
LINE
  5
DB
330
F2D
100
AcDbEntity
  8
0
 62
     0
370
    -2
100
AcDbLine
 10
0.6599999999999997
 20
0.0499999999999999
 30
0.0
 11
0.6999999999999997
 21
0.0499999999999998
 31
0.0
  0
LINE
  5
DC
330
F2D
100
AcDbEntity
  8
0
 62
     0
370
    -2
100
AcDbLine
 10
0.6999999999999997
 20
0.0499999999999998
 30
0.0
 11
0.6999999999999997
 21
-0.0500000000000002
 31
0.0
  0
LINE
  5
DD
330
F2D
100
AcDbEntity
  8
0
 62
     0
370
    -2
100
AcDbLine
 10
0.6999999999999997
 20
-0.0500000000000002
 30
0.0
 11
0.6599999999999997
 21
-0.0500000000000002
 31
0.0
  0
LINE
  5
DE
330
F2D
100
AcDbEntity
  8
0
 62
     0
370
    -2
100
AcDbLine
 10
0.6599999999999997
 20
-0.02
 30
0.0
 11
0.6599999999999997
 21
0.0200000000000002
 31
0.0
  0
LINE
  5
DF
330
F2D
100
AcDbEntity
  8
0
 62
     0
370
    -2
100
AcDbLine
 10
0.6599999999999997
 20
0.0200000000000002
 30
0.0
 11
0.6299999999999999
 21
0.0200000000000006
 31
0.0
  0
LINE
  5
E0
330
F2D
100
AcDbEntity
  8
0
 62
     0
370
    -2
100
AcDbLine
 10
0.6299999999999999
 20
-0.0199999999999991
 30
0.0
 11
0.6599999999999997
 21
-0.02
 31
0.0
  0
LINE
  5
E1
330
F2D
100
AcDbEntity
  8
0
 62
     0
370
    -2
100
AcDbLine
 10
0.04
 20
-0.05
 30
0.0
 11
0.04
 21
0.0499999999999999
 31
0.0
  0
LINE
  5
E2
330
F2D
100
AcDbEntity
  8
0
 62
     0
370
    -2
100
AcDbLine
 10
0.04
 20
0.0499999999999999
 30
0.0
 11
0.0
 21
0.05
 31
0.0
  0
LINE
  5
E3
330
F2D
100
AcDbEntity
  8
0
 62
     0
370
    -2
100
AcDbLine
 10
0.0
 20
0.05
 30
0.0
 11
0.0
 21
-0.05
 31
0.0
  0
LINE
  5
E4
330
F2D
100
AcDbEntity
  8
0
 62
     0
370
    -2
100
AcDbLine
 10
0.0
 20
-0.05
 30
0.0
 11
0.04
 21
-0.05
 31
0.0
  0
LINE
  5
E5
330
F2D
100
AcDbEntity
  8
0
 62
     0
370
    -2
100
AcDbLine
 10
0.04
 20
-0.02
 30
0.0
 11
0.04
 21
0.0199999999999998
 31
0.0
  0
LINE
  5
E6
330
F2D
100
AcDbEntity
  8
0
 62
     0
370
    -2
100
AcDbLine
 10
0.04
 20
0.0199999999999998
 30
0.0
 11
0.0700000000000003
 21
0.0200000000000001
 31
0.0
  0
LINE
  5
E7
330
F2D
100
AcDbEntity
  8
0
 62
     0
370
    -2
100
AcDbLine
 10
0.0700000000000003
 20
-0.0200000000000001
 30
0.0
 11
0.04
 21
-0.02
 31
0.0
  0
LINE
  5
E8
330
F2D
100
AcDbEntity
  8
0
 62
     0
370
    -2
100
AcDbLine
 10
0.6599999999999997
 20
0.0499999999999999
 30
0.0
 11
0.04
 21
0.0499999999999999
 31
0.0
  0
LINE
  5
E9
330
F2D
100
AcDbEntity
  8
0
 62
     0
370
    -2
100
AcDbLine
 10
0.04
 20
-0.05
 30
0.0
 11
0.6599999999999997
 21
-0.0500000000000002
 31
0.0
  0
LINE
  5
EA
330
F2D
100
AcDbEntity
  8
0
 62
     0
370
    -2
100
AcDbLine
 10
0.0700000000000003
 20
0.0
 30
0.0
 11
0.6299999999999999
 21
0.0
 31
0.0
  0
LINE
  5
EB
330
F2D
100
AcDbEntity
  8
0
 62
     0
370
    -2
100
AcDbLine
 10
0.0700000000000003
 20
0.0200000000000001
 30
0.0
 11
0.0700000000000003
 21
-0.0200000000000001
 31
0.0
  0
LINE
  5
EC
330
F2D
100
AcDbEntity
  8
0
 62
     0
370
    -2
100
AcDbLine
 10
0.6299999999999999
 20
0.0200000000000006
 30
0.0
 11
0.6299999999999999
 21
-0.0199999999999991
 31
0.0
  0
ENDBLK
  5
F2F
330
F2D
100
AcDbEntity
  8
0
100
AcDbBlockEnd
  0
ENDSEC
  0
SECTION
  2
ENTITIES
  0
LWPOLYLINE
  5
B1B
330
E4B
100
AcDbEntity
  8
Background
100
AcDbPolyline
 90
        4
 70
     1
 43
0.0
 10
0.1599999999999996
 20
-0.16
 10
3.066666666666667
 20
-0.16
 10
3.066666666666666
 20
-4.399999999999999
 10
0.16
 20
-4.399999999999999
  0
LWPOLYLINE
  5
B1C
330
E4B
100
AcDbEntity
  8
Background
100
AcDbPolyline
 90
        4
 70
     1
 43
0.0
 10
0.16
 20
-4.56
 10
3.066666666666666
 20
-4.56
 10
3.080000000000001
 20
-7.733333333333333
 10
0.16
 20
-7.733333333333335
  0
LWPOLYLINE
  5
B1D
330
E4B
100
AcDbEntity
  8
Background
100
AcDbPolyline
 90
        4
 70
     1
 43
0.0
 10
0.16
 20
-7.893333333333335
 10
3.066666666666666
 20
-7.893333333333334
 10
3.066666666666666
 20
-9.039999999999996
 10
0.16
 20
-9.039999999999996
  0
LWPOLYLINE
  5
B1E
330
E4B
100
AcDbEntity
  8
Background
100
AcDbPolyline
 90
        6
 70
     1
 43
0.0
 10
3.226666666666666
 20
-0.1599999999999999
 10
6.239999933333335
 20
-0.16
 10
6.239999933333333
 20
-4.8
 10
4.6666666
 20
-4.800000000000001
 10
4.6666666
 20
-3.066666666666667
 10
3.226666666666667
 20
-3.066666666666666
  0
LWPOLYLINE
  5
B1F
330
E4B
100
AcDbEntity
  8
Background
100
AcDbPolyline
 90
        4
 70
     1
 43
0.0
 10
3.226666666666666
 20
-3.226666666666666
 10
4.506666600000001
 20
-3.226666666666667
 10
4.506666600000001
 20
-9.039999999999996
 10
3.226666666666667
 20
-9.039999999999996
  0
LWPOLYLINE
  5
B20
330
E4B
100
AcDbEntity
  8
Background
100
AcDbPolyline
 90
        4
 70
     1
 43
0.0
 10
4.6666666
 20
-4.960000000000001
 10
6.239999933333334
 20
-4.96
 10
6.239999933333334
 20
-7.066666666666666
 10
4.6666666
 20
-7.066666666666666
  0
HATCH
  5
B27
330
E4B
100
AcDbEntity
  8
Background
440
 33554687
100
AcDbHatch
 10
0.0
 20
0.0
 30
0.0
210
0.0
220
0.0
230
1.0
  2
SOLID
 70
     1
 71
     0
 91
        1
 92
        0
 93
        4
 72
     1
 10
0.16
 20
-4.56
 11
3.066666666666666
 21
-4.56
 72
     1
 10
3.066666666666666
 20
-4.56
 11
3.080000000000001
 21
-7.733333333333333
 72
     1
 10
3.080000000000001
 20
-7.733333333333333
 11
0.1600000000000001
 21
-7.733333333333335
 72
     1
 10
0.1600000000000001
 20
-7.733333333333335
 11
0.16
 21
-4.56
 97
        0
 75
     0
 76
     1
 98
        0
  0
HATCH
  5
B28
330
E4B
100
AcDbEntity
  8
Background
440
 33554687
100
AcDbHatch
 10
0.0
 20
0.0
 30
0.0
210
0.0
220
0.0
230
1.0
  2
SOLID
 70
     1
 71
     0
 91
        1
 92
        0
 93
        4
 72
     1
 10
4.6666666
 20
-4.960000000000001
 11
6.239999933333334
 21
-4.96
 72
     1
 10
6.239999933333334
 20
-4.96
 11
6.239999933333334
 21
-7.066666666666666
 72
     1
 10
6.239999933333334
 20
-7.066666666666666
 11
4.6666666
 21
-7.066666666666666
 72
     1
 10
4.6666666
 20
-7.066666666666666
 11
4.6666666
 21
-4.960000000000001
 97
        0
 75
     0
 76
     1
 98
        0
  0
HATCH
  5
B29
330
E4B
100
AcDbEntity
  8
Background
440
 33554687
100
AcDbHatch
 10
0.0
 20
0.0
 30
0.0
210
0.0
220
0.0
230
1.0
  2
SOLID
 70
     1
 71
     0
 91
        1
 92
        0
 93
        4
 72
     1
 10
0.16
 20
-7.893333333333335
 11
3.066666666666666
 21
-7.893333333333334
 72
     1
 10
3.066666666666666
 20
-7.893333333333334
 11
3.066666666666666
 21
-9.039999999999996
 72
     1
 10
3.066666666666666
 20
-9.039999999999996
 11
0.1600000000000001
 21
-9.039999999999996
 72
     1
 10
0.1600000000000001
 20
-9.039999999999996
 11
0.16
 21
-7.893333333333335
 97
        0
 75
     0
 76
     1
 98
        0
  0
HATCH
  5
B2A
330
E4B
100
AcDbEntity
  8
Background
440
 33554687
100
AcDbHatch
 10
0.0
 20
0.0
 30
0.0
210
0.0
220
0.0
230
1.0
  2
SOLID
 70
     1
 71
     0
 91
        1
 92
        0
 93
        4
 72
     1
 10
3.226666666666666
 20
-3.226666666666666
 11
4.506666600000001
 21
-3.226666666666667
 72
     1
 10
4.506666600000001
 20
-3.226666666666667
 11
4.506666600000001
 21
-9.039999999999996
 72
     1
 10
4.506666600000001
 20
-9.039999999999996
 11
3.226666666666667
 21
-9.039999999999996
 72
     1
 10
3.226666666666667
 20
-9.039999999999996
 11
3.226666666666666
 21
-3.226666666666667
 97
        0
 75
     0
 76
     1
 98
        0
  0
HATCH
  5
B2B
330
E4B
100
AcDbEntity
  8
Background
440
 33554687
100
AcDbHatch
 10
0.0
 20
0.0
 30
0.0
210
0.0
220
0.0
230
1.0
  2
SOLID
 70
     1
 71
     0
 91
        1
 92
        0
 93
        6
 72
     1
 10
3.226666666666666
 20
-0.1599999999999999
 11
6.239999933333335
 21
-0.16
 72
     1
 10
6.239999933333335
 20
-0.16
 11
6.239999933333333
 21
-4.8
 72
     1
 10
6.239999933333333
 20
-4.8
 11
4.6666666
 21
-4.800000000000001
 72
     1
 10
4.6666666
 20
-4.800000000000001
 11
4.6666666
 21
-3.066666666666667
 72
     1
 10
4.6666666
 20
-3.066666666666667
 11
3.226666666666667
 21
-3.066666666666666
 72
     1
 10
3.226666666666667
 20
-3.066666666666666
 11
3.226666666666666
 21
-0.1599999999999997
 97
        0
 75
     0
 76
     1
 98
        0
  0
HATCH
  5
B2C
330
E4B
100
AcDbEntity
  8
Background
440
 33554687
100
AcDbHatch
 10
0.0
 20
0.0
 30
0.0
210
0.0
220
0.0
230
1.0
  2
SOLID
 70
     1
 71
     0
 91
        1
 92
        0
 93
        4
 72
     1
 10
0.1599999999999996
 20
-0.16
 11
3.066666666666667
 21
-0.16
 72
     1
 10
3.066666666666667
 20
-0.16
 11
3.066666666666666
 21
-4.399999999999999
 72
     1
 10
3.066666666666666
 20
-4.399999999999999
 11
0.1600000000000001
 21
-4.399999999999999
 72
     1
 10
0.1600000000000001
 20
-4.399999999999999
 11
0.1599999999999996
 21
-0.1600000000000001
 97
        0
 75
     0
 76
     1
 98
        0
  0
INSERT
  5
113
330
E4B
100
AcDbEntity
  8
Doors
100
AcDbBlockReference
  2
door_70-0
 10
3.146666666666667
 20
-4.16
 30
0.0
 41
1.333333333333333
 42
1.333333333333333
 43
0.1777777777777777
 50
90.0
  0
INSERT
  5
114
330
E4B
100
AcDbEntity
  8
Doors
100
AcDbBlockReference
  2
door_70-0
 10
3.146666666666668
 20
-7.733333333333333
 30
0.0
 41
1.333333333333333
 42
1.333333333333333
 43
0.1777777777777777
 50
90.0
  0
INSERT
  5
115
330
E4B
100
AcDbEntity
  8
Doors
100
AcDbBlockReference
  2
door_70-0
 10
3.44
 20
-3.146666666666668
 30
0.0
 41
1.333333333333333
 42
1.333333333333333
 43
0.1777777777777777
  0
LINE
  5
116
330
E4B
100
AcDbEntity
  8
Walls
100
AcDbLine
 10
0.0
 20
0.0
 30
0.0
 11
6.399999933333335
 21
0.0
 31
0.0
  0
LINE
  5
117
330
E4B
100
AcDbEntity
  8
Walls
100
AcDbLine
 10
6.399999933333335
 20
-9.199999999999998
 30
0.0
 11
0.0
 21
-9.199999999999998
 31
0.0
  0
LINE
  5
118
330
E4B
100
AcDbEntity
  8
Walls
100
AcDbLine
 10
3.066666666666666
 20
-4.16
 30
0.0
 11
3.226666666666667
 21
-4.16
 31
0.0
  0
LINE
  5
119
330
E4B
100
AcDbEntity
  8
Walls
100
AcDbLine
 10
4.373333333333333
 20
-3.066666666666666
 30
0.0
 11
4.373333333333333
 21
-3.226666666666667
 31
0.0
  0
LINE
  5
11A
330
E4B
100
AcDbEntity
  8
Walls
100
AcDbLine
 10
3.44
 20
-3.066666666666666
 30
0.0
 11
3.44
 21
-3.226666666666667
 31
0.0
  0
LINE
  5
11B
330
E4B
100
AcDbEntity
  8
Walls
100
AcDbLine
 10
3.44
 20
-3.066666666666666
 30
0.0
 11
3.226666666666667
 21
-3.066666666666666
 31
0.0
  0
LINE
  5
11C
330
E4B
100
AcDbEntity
  8
Walls
100
AcDbLine
 10
3.44
 20
-3.226666666666667
 30
0.0
 11
3.066666666666666
 21
-3.226666666666667
 31
0.0
  0
LINE
  5
11D
330
E4B
100
AcDbEntity
  8
Walls
100
AcDbLine
 10
4.6666666
 20
-3.066666666666666
 30
0.0
 11
4.373333333333333
 21
-3.066666666666666
 31
0.0
  0
LINE
  5
11E
330
E4B
100
AcDbEntity
  8
Walls
100
AcDbLine
 10
4.373333333333333
 20
-3.226666666666667
 30
0.0
 11
4.506666600000001
 21
-3.226666666666667
 31
0.0
  0
LINE
  5
11F
330
E4B
100
AcDbEntity
  8
Walls
100
AcDbLine
 10
3.226666666666667
 20
-4.16
 30
0.0
 11
3.226666666666667
 21
-6.799999999999999
 31
0.0
  0
LINE
  5
120
330
E4B
100
AcDbEntity
  8
Walls
100
AcDbLine
 10
3.066666666666666
 20
-6.799999999999999
 30
0.0
 11
3.226666666666667
 21
-6.799999999999999
 31
0.0
  0
LINE
  5
121
330
E4B
100
AcDbEntity
  8
Walls
100
AcDbLine
 10
3.066666666666666
 20
-4.16
 30
0.0
 11
3.066666666666666
 21
-4.399999999999999
 31
0.0
  0
LINE
  5
122
330
E4B
100
AcDbEntity
  8
Walls
100
AcDbLine
 10
3.066666666666666
 20
-4.56
 30
0.0
 11
3.066666666666666
 21
-6.799999999999999
 31
0.0
  0
LINE
  5
123
330
E4B
100
AcDbEntity
  8
Walls
100
AcDbLine
 10
0.16
 20
-4.399999999999999
 30
0.0
 11
3.066666666666666
 21
-4.399999999999999
 31
0.0
  0
LINE
  5
124
330
E4B
100
AcDbEntity
  8
Walls
100
AcDbLine
 10
0.16
 20
-4.56
 30
0.0
 11
3.066666666666666
 21
-4.56
 31
0.0
  0
LINE
  5
125
330
E4B
100
AcDbEntity
  8
Walls
100
AcDbLine
 10
0.16
 20
-9.039999999999996
 30
0.0
 11
0.16
 21
-7.893333333333335
 31
0.0
  0
LINE
  5
126
330
E4B
100
AcDbEntity
  8
Walls
100
AcDbLine
 10
3.066666666666666
 20
-7.893333333333335
 30
0.0
 11
3.066666666666666
 21
-9.039999999999996
 31
0.0
  0
LINE
  5
127
330
E4B
100
AcDbEntity
  8
Walls
100
AcDbLine
 10
3.226666666666667
 20
-7.733333333333333
 30
0.0
 11
3.226666666666667
 21
-9.039999999999996
 31
0.0
  0
LINE
  5
128
330
E4B
100
AcDbEntity
  8
Walls
100
AcDbLine
 10
3.066666666666666
 20
-9.039999999999996
 30
0.0
 11
0.16
 21
-9.039999999999996
 31
0.0
  0
LINE
  5
129
330
E4B
100
AcDbEntity
  8
Walls
100
AcDbLine
 10
4.6666666
 20
-4.96
 30
0.0
 11
6.239999933333334
 21
-4.96
 31
0.0
  0
LINE
  5
12A
330
E4B
100
AcDbEntity
  8
Walls
100
AcDbLine
 10
4.6666666
 20
-4.800000000000001
 30
0.0
 11
6.239999933333334
 21
-4.800000000000001
 31
0.0
  0
LINE
  5
12B
330
E4B
100
AcDbEntity
  8
Walls
100
AcDbLine
 10
4.6666666
 20
-3.066666666666666
 30
0.0
 11
4.6666666
 21
-4.800000000000001
 31
0.0
  0
LINE
  5
12C
330
E4B
100
AcDbEntity
  8
Walls
100
AcDbLine
 10
3.066666666666666
 20
-0.16
 30
0.0
 11
3.066666666666666
 21
-3.226666666666667
 31
0.0
  0
LINE
  5
12D
330
E4B
100
AcDbEntity
  8
Walls
100
AcDbLine
 10
3.226666666666667
 20
-0.16
 30
0.0
 11
3.226666666666667
 21
-3.066666666666666
 31
0.0
  0
LINE
  5
12E
330
E4B
100
AcDbEntity
  8
Walls
100
AcDbLine
 10
3.226666666666667
 20
-0.16
 30
0.0
 11
6.239999933333334
 21
-0.16
 31
0.0
  0
LINE
  5
12F
330
E4B
100
AcDbEntity
  8
Walls
100
AcDbLine
 10
0.16
 20
-0.16
 30
0.0
 11
3.066666666666666
 21
-0.16
 31
0.0
  0
LINE
  5
130
330
E4B
100
AcDbEntity
  8
Walls
100
AcDbLine
 10
6.239999933333334
 20
-4.96
 30
0.0
 11
6.239999933333334
 21
-7.066666666666666
 31
0.0
  0
LINE
  5
131
330
E4B
100
AcDbEntity
  8
Walls
100
AcDbLine
 10
6.239999933333334
 20
-7.226666666666668
 30
0.0
 11
6.239999933333334
 21
-9.039999999999996
 31
0.0
  0
LINE
  5
132
330
E4B
100
AcDbEntity
  8
Walls
100
AcDbLine
 10
4.6666666
 20
-7.066666666666667
 30
0.0
 11
6.239999933333334
 21
-7.066666666666666
 31
0.0
  0
LINE
  5
133
330
E4B
100
AcDbEntity
  8
Walls
100
AcDbLine
 10
4.506666600000001
 20
-7.226666666666668
 30
0.0
 11
6.239999933333334
 21
-7.226666666666668
 31
0.0
  0
LINE
  5
134
330
E4B
100
AcDbEntity
  8
Walls
100
AcDbLine
 10
4.506666600000001
 20
-6.266666666666667
 30
0.0
 11
4.6666666
 21
-6.266666666666667
 31
0.0
  0
LINE
  5
135
330
E4B
100
AcDbEntity
  8
Walls
100
AcDbLine
 10
4.506666600000001
 20
-5.333333333333333
 30
0.0
 11
4.6666666
 21
-5.333333333333332
 31
0.0
  0
LINE
  5
136
330
E4B
100
AcDbEntity
  8
Walls
100
AcDbLine
 10
4.6666666
 20
-4.96
 30
0.0
 11
4.6666666
 21
-5.333333333333332
 31
0.0
  0
LINE
  5
137
330
E4B
100
AcDbEntity
  8
Walls
100
AcDbLine
 10
4.6666666
 20
-6.266666666666667
 30
0.0
 11
4.6666666
 21
-7.066666666666667
 31
0.0
  0
LINE
  5
138
330
E4B
100
AcDbEntity
  8
Walls
100
AcDbLine
 10
4.506666600000001
 20
-3.226666666666667
 30
0.0
 11
4.506666600000001
 21
-5.333333333333333
 31
0.0
  0
LINE
  5
139
330
E4B
100
AcDbEntity
  8
Walls
100
AcDbLine
 10
4.506666600000001
 20
-6.266666666666667
 30
0.0
 11
4.506666600000001
 21
-7.226666666666668
 31
0.0
  0
LINE
  5
13A
330
E4B
100
AcDbEntity
  8
Walls
100
AcDbLine
 10
5.413333266666667
 20
-8.053333333333331
 30
0.0
 11
4.506666600000001
 21
-8.053333333333331
 31
0.0
  0
LINE
  5
13B
330
E4B
100
AcDbEntity
  8
Walls
100
AcDbLine
 10
5.413333266666667
 20
-8.053333333333331
 30
0.0
 11
5.413333266666667
 21
-8.213333333333333
 31
0.0
  0
LINE
  5
13C
330
E4B
100
AcDbEntity
  8
Walls
100
AcDbLine
 10
4.506666600000001
 20
-8.053333333333331
 30
0.0
 11
4.506666600000001
 21
-9.039999999999996
 31
0.0
  0
LINE
  5
13D
330
E4B
100
AcDbEntity
  8
Walls
100
AcDbLine
 10
5.413333266666667
 20
-8.213333333333333
 30
0.0
 11
4.6666666
 21
-8.213333333333333
 31
0.0
  0
LINE
  5
13E
330
E4B
100
AcDbEntity
  8
Walls
100
AcDbLine
 10
6.239999933333334
 20
-9.039999999999996
 30
0.0
 11
4.6666666
 21
-9.039999999999996
 31
0.0
  0
LINE
  5
13F
330
E4B
100
AcDbEntity
  8
Walls
100
AcDbLine
 10
4.506666600000001
 20
-9.039999999999996
 30
0.0
 11
3.226666666666667
 21
-9.039999999999996
 31
0.0
  0
LINE
  5
140
330
E4B
100
AcDbEntity
  8
Staircase
100
AcDbLine
 10
6.173333266666667
 20
-8.973333333333334
 30
0.0
 11
4.6666666
 21
-8.973333333333334
 31
0.0
  0
LINE
  5
141
330
E4B
100
AcDbEntity
  8
Staircase
100
AcDbLine
 10
6.173333266666667
 20
-7.293333333333333
 30
0.0
 11
6.173333266666667
 21
-8.973333333333334
 31
0.0
  0
LINE
  5
142
330
E4B
100
AcDbEntity
  8
Staircase
100
AcDbLine
 10
5.119999933333334
 20
-7.293333333333337
 30
0.0
 11
5.119999933333334
 21
-7.986666666666665
 31
0.0
  0
LINE
  5
143
330
E4B
100
AcDbEntity
  8
Staircase
100
AcDbLine
 10
4.8266666
 20
-7.293333333333337
 30
0.0
 11
4.8266666
 21
-7.986666666666665
 31
0.0
  0
LINE
  5
144
330
E4B
100
AcDbEntity
  8
Staircase
100
AcDbLine
 10
4.533333266666667
 20
-7.293333333333337
 30
0.0
 11
4.533333266666667
 21
-7.986666666666665
 31
0.0
  0
LINE
  5
145
330
E4B
100
AcDbEntity
  8
Staircase
100
AcDbLine
 10
5.413333266666669
 20
-7.293333333333333
 30
0.0
 11
5.413333266666669
 21
-7.986666666666665
 31
0.0
  0
LINE
  5
146
330
E4B
100
AcDbEntity
  8
Staircase
100
AcDbLine
 10
5.468749933333333
 20
-7.986666666666665
 30
0.0
 11
5.8804166
 21
-7.293333333333333
 31
0.0
  0
LINE
  5
147
330
E4B
100
AcDbEntity
  8
Staircase
100
AcDbLine
 10
5.479999933333334
 20
-8.069032258064517
 30
0.0
 11
6.173333266666667
 21
-7.677634408602151
 31
0.0
  0
LINE
  5
148
330
E4B
100
AcDbEntity
  8
Staircase
100
AcDbLine
 10
5.479999933333334
 20
-8.133333333333333
 30
0.0
 11
6.173333266666667
 21
-8.133333333333333
 31
0.0
  0
LINE
  5
149
330
E4B
100
AcDbEntity
  8
Staircase
100
AcDbLine
 10
5.479999933333334
 20
-8.197634408602148
 30
0.0
 11
6.173333266666667
 21
-8.589032258064515
 31
0.0
  0
LINE
  5
14A
330
E4B
100
AcDbEntity
  8
Staircase
100
AcDbLine
 10
5.468749933333333
 20
-8.28
 30
0.0
 11
5.8804166
 21
-8.973333333333334
 31
0.0
  0
LINE
  5
14B
330
E4B
100
AcDbEntity
  8
Staircase
100
AcDbLine
 10
5.413333266666669
 20
-8.28
 30
0.0
 11
5.413333266666669
 21
-8.973333333333334
 31
0.0
  0
LINE
  5
14C
330
E4B
100
AcDbEntity
  8
Staircase
100
AcDbLine
 10
5.119999933333334
 20
-8.28
 30
0.0
 11
5.119999933333334
 21
-8.973333333333334
 31
0.0
  0
LINE
  5
14D
330
E4B
100
AcDbEntity
  8
Staircase
100
AcDbLine
 10
4.8266666
 20
-8.28
 30
0.0
 11
4.8266666
 21
-8.973333333333334
 31
0.0
  0
LINE
  5
14E
330
E4B
100
AcDbEntity
  8
Staircase
100
AcDbLine
 10
5.479999933333334
 20
-8.28
 30
0.0
 11
4.6666666
 21
-8.28
 31
0.0
  0
LINE
  5
14F
330
E4B
100
AcDbEntity
  8
Staircase
100
AcDbLine
 10
5.479999933333334
 20
-7.986666666666665
 30
0.0
 11
5.479999933333334
 21
-8.28
 31
0.0
  0
LINE
  5
150
330
E4B
100
AcDbEntity
  8
Walls
100
AcDbLine
 10
0.16
 20
-7.733333333333334
 30
0.0
 11
0.7999999999999999
 21
-7.733333333333334
 31
0.0
  0
LINE
  5
151
330
E4B
100
AcDbEntity
  8
Walls
100
AcDbLine
 10
1.733333333333333
 20
-7.733333333333333
 30
0.0
 11
3.226666666666667
 21
-7.733333333333333
 31
0.0
  0
LINE
  5
152
330
E4B
100
AcDbEntity
  8
Walls
100
AcDbLine
 10
1.733333333333333
 20
-7.893333333333335
 30
0.0
 11
3.066666666666666
 21
-7.893333333333335
 31
0.0
  0
LINE
  5
153
330
E4B
100
AcDbEntity
  8
Walls
100
AcDbLine
 10
0.16
 20
-7.893333333333335
 30
0.0
 11
0.7999999999999999
 21
-7.893333333333335
 31
0.0
  0
LINE
  5
154
330
E4B
100
AcDbEntity
  8
Walls
100
AcDbLine
 10
4.6666666
 20
-8.213333333333333
 30
0.0
 11
4.6666666
 21
-9.039999999999996
 31
0.0
  0
INSERT
  5
157
330
E4B
100
AcDbEntity
  8
Interiors
100
AcDbBlockReference
  2
bed_single_90_200-0
 10
6.133333266666668
 20
-2.666666666666667
 30
0.0
 43
0.1777777777777777
 50
180.0
  0
INSERT
  5
158
330
E4B
100
AcDbEntity
  8
Interiors
100
AcDbBlockReference
  2
bed_double_180_200-0
 10
0.7333333333333334
 20
-6.666666666666666
 30
0.0
 43
0.1777777777777777
  0
INSERT
  5
159
330
E4B
100
AcDbEntity
  8
Interiors
100
AcDbBlockReference
  2
shower-0
 10
2.6
 20
-9.039999999999996
 30
0.0
 41
1.333333333333333
 42
1.333333333333333
 43
0.1777777777777777
  0
INSERT
  5
15A
330
E4B
100
AcDbEntity
  8
Interiors
100
AcDbBlockReference
  2
sink-0
 10
1.2
 20
-9.039999999999996
 30
0.0
 41
1.333333333333333
 42
1.333333333333333
 43
0.1777777777777777
  0
INSERT
  5
15B
330
E4B
100
AcDbEntity
  8
Interiors
100
AcDbBlockReference
  2
sink-0
 10
5.199999933333334
 20
-4.96
 30
0.0
 41
1.333333333333333
 42
1.333333333333333
 43
0.1777777777777777
 50
180.0
  0
LWPOLYLINE
  5
601
330
E4B
100
AcDbEntity
  8
Interiors
100
AcDbPolyline
 90
        4
 70
   129
 43
0.0
 10
1.16
 20
-0.6266666666666665
 10
1.16
 20
-0.2266666666666665
 10
1.56
 20
-0.2266666666666665
 10
1.56
 20
-0.6266666666666665
  0
LWPOLYLINE
  5
602
330
E4B
100
AcDbEntity
  8
Interiors
100
AcDbPolyline
 90
        4
 70
   129
 43
0.0
 10
1.666666666666665
 20
-0.6266666666666666
 10
1.666666666666665
 20
-0.2266666666666667
 10
2.066666666666665
 20
-0.2266666666666667
 10
2.066666666666665
 20
-0.6266666666666666
  0
LINE
  5
164
330
E4B
100
AcDbEntity
  8
Interiors
100
AcDbLine
 10
1.066666666666667
 20
-4.0
 30
0.0
 11
2.0
 21
-4.0
 31
0.0
  0
LINE
  5
165
330
E4B
100
AcDbEntity
  8
Interiors
100
AcDbLine
 10
2.0
 20
-4.0
 30
0.0
 11
2.0
 21
-4.399999999999999
 31
0.0
  0
LINE
  5
166
330
E4B
100
AcDbEntity
  8
Interiors
100
AcDbLine
 10
2.0
 20
-4.399999999999999
 30
0.0
 11
1.066666666666667
 21
-4.399999999999999
 31
0.0
  0
LINE
  5
167
330
E4B
100
AcDbEntity
  8
Interiors
100
AcDbLine
 10
1.066666666666667
 20
-4.399999999999999
 30
0.0
 11
1.066666666666667
 21
-4.0
 31
0.0
  0
LWPOLYLINE
  5
604
330
E4B
100
AcDbEntity
  8
Interiors
100
AcDbPolyline
 90
        4
 70
   129
 43
0.0
 10
0.2666666666666667
 20
-5.066666666666666
 10
0.2666666666666667
 20
-4.666666666666666
 10
0.6666666666666666
 20
-4.666666666666666
 10
0.6666666666666666
 20
-5.066666666666666
  0
LWPOLYLINE
  5
603
330
E4B
100
AcDbEntity
  8
Interiors
100
AcDbPolyline
 90
        4
 70
   129
 43
0.0
 10
2.6
 20
-5.066666666666666
 10
2.6
 20
-4.666666666666668
 10
3.0
 20
-4.666666666666668
 10
3.0
 20
-5.066666666666666
  0
LWPOLYLINE
  5
605
330
E4B
100
AcDbEntity
  8
Interiors
100
AcDbPolyline
 90
        4
 70
   129
 43
0.0
 10
4.749999933333333
 20
-4.666666666666666
 10
4.749999933333333
 20
-4.266666666666669
 10
5.149999933333334
 20
-4.266666666666669
 10
5.149999933333334
 20
-4.666666666666666
  0
INSERT
  5
171
330
E4B
100
AcDbEntity
  8
Doors
100
AcDbBlockReference
  2
door_70-0
 10
1.733333333333333
 20
-7.813333333333333
 30
0.0
 41
1.333333333333333
 42
1.333333333333333
 43
0.1777777777777777
 50
180.0
  0
LINE
  5
172
330
E4B
100
AcDbEntity
  8
Walls
100
AcDbLine
 10
0.7999999999999999
 20
-7.733333333333333
 30
0.0
 11
0.7999999999999999
 21
-7.893333333333335
 31
0.0
  0
LINE
  5
173
330
E4B
100
AcDbEntity
  8
Walls
100
AcDbLine
 10
1.733333333333333
 20
-7.893333333333335
 30
0.0
 11
1.733333333333333
 21
-7.733333333333333
 31
0.0
  0
LINE
  5
174
330
E4B
100
AcDbEntity
  8
Interiors
100
AcDbLine
 10
3.333333333333333
 20
-0.5333333333333333
 30
0.0
 11
6.133333266666668
 21
-0.5333333333333333
 31
0.0
  0
LINE
  5
175
330
E4B
100
AcDbEntity
  8
Interiors
100
AcDbLine
 10
6.133333266666668
 20
-0.5333333333333333
 30
0.0
 11
6.133333266666668
 21
-0.16
 31
0.0
  0
LINE
  5
176
330
E4B
100
AcDbEntity
  8
Interiors
100
AcDbLine
 10
6.133333266666668
 20
-0.16
 30
0.0
 11
3.333333333333333
 21
-0.16
 31
0.0
  0
LINE
  5
177
330
E4B
100
AcDbEntity
  8
Interiors
100
AcDbLine
 10
3.333333333333333
 20
-0.16
 30
0.0
 11
3.333333333333333
 21
-0.5333333333333333
 31
0.0
  0
LINE
  5
178
330
E4B
100
AcDbEntity
  8
Walls
100
AcDbLine
 10
0.16
 20
-1.6
 30
0.0
 11
0.0
 21
-1.6
 31
0.0
  0
LINE
  5
179
330
E4B
100
AcDbEntity
  8
Walls
100
AcDbLine
 10
0.16
 20
-2.533333333333333
 30
0.0
 11
0.0
 21
-2.533333333333333
 31
0.0
  0
LINE
  5
17A
330
E4B
100
AcDbEntity
  8
Walls
100
AcDbLine
 10
0.0
 20
-1.6
 30
0.0
 11
0.0
 21
0.0
 31
0.0
  0
LINE
  5
17B
330
E4B
100
AcDbEntity
  8
Walls
100
AcDbLine
 10
0.16
 20
-4.399999999999999
 30
0.0
 11
0.16
 21
-2.533333333333333
 31
0.0
  0
LINE
  5
17C
330
E4B
100
AcDbEntity
  8
Walls
100
AcDbLine
 10
0.16
 20
-1.6
 30
0.0
 11
0.16
 21
-0.16
 31
0.0
  0
LINE
  5
17D
330
E4B
100
AcDbEntity
  8
Walls
100
AcDbLine
 10
0.0
 20
-5.733333333333334
 30
0.0
 11
0.16
 21
-5.733333333333334
 31
0.0
  0
LINE
  5
17E
330
E4B
100
AcDbEntity
  8
Walls
100
AcDbLine
 10
0.16
 20
-6.666666666666666
 30
0.0
 11
0.0
 21
-6.666666666666666
 31
0.0
  0
LINE
  5
17F
330
E4B
100
AcDbEntity
  8
Walls
100
AcDbLine
 10
0.0
 20
-9.199999999999998
 30
0.0
 11
0.0
 21
-6.666666666666666
 31
0.0
  0
LINE
  5
180
330
E4B
100
AcDbEntity
  8
Walls
100
AcDbLine
 10
0.0
 20
-5.733333333333334
 30
0.0
 11
0.0
 21
-2.533333333333333
 31
0.0
  0
LINE
  5
181
330
E4B
100
AcDbEntity
  8
Walls
100
AcDbLine
 10
0.16
 20
-7.733333333333334
 30
0.0
 11
0.16
 21
-6.666666666666666
 31
0.0
  0
LINE
  5
182
330
E4B
100
AcDbEntity
  8
Walls
100
AcDbLine
 10
0.16
 20
-5.733333333333334
 30
0.0
 11
0.16
 21
-4.56
 31
0.0
  0
LINE
  5
183
330
E4B
100
AcDbEntity
  8
Walls
100
AcDbLine
 10
6.399999933333335
 20
-1.6
 30
0.0
 11
6.239999933333334
 21
-1.6
 31
0.0
  0
LINE
  5
184
330
E4B
100
AcDbEntity
  8
Walls
100
AcDbLine
 10
6.399999933333335
 20
0.0
 30
0.0
 11
6.399999933333335
 21
-1.6
 31
0.0
  0
LINE
  5
185
330
E4B
100
AcDbEntity
  8
Walls
100
AcDbLine
 10
6.239999933333334
 20
-0.16
 30
0.0
 11
6.239999933333334
 21
-1.6
 31
0.0
  0
LINE
  5
186
330
E4B
100
AcDbEntity
  8
Walls
100
AcDbLine
 10
6.239999933333335
 20
-2.533333333333332
 30
0.0
 11
6.399999933333335
 21
-2.533333333333332
 31
0.0
  0
LINE
  5
187
330
E4B
100
AcDbEntity
  8
Walls
100
AcDbLine
 10
6.399999933333335
 20
-2.533333333333332
 30
0.0
 11
6.399999933333335
 21
-9.199999999999998
 31
0.0
  0
LINE
  5
188
330
E4B
100
AcDbEntity
  8
Walls
100
AcDbLine
 10
6.239999933333335
 20
-2.533333333333332
 30
0.0
 11
6.239999933333334
 21
-4.800000000000001
 31
0.0
  0
INSERT
  5
189
330
E4B
100
AcDbEntity
  8
Windows
100
AcDbBlockReference
  2
window_70-0
 10
6.319999933333333
 20
-1.6
 30
0.0
 41
1.333333333333333
 42
1.333333333333333
 43
0.1777777777777777
 50
270.0
  0
INSERT
  5
18A
330
E4B
100
AcDbEntity
  8
Windows
100
AcDbBlockReference
  2
window_70-0
 10
0.0799999999999995
 20
-1.6
 30
0.0
 41
1.333333333333333
 42
1.333333333333333
 43
0.1777777777777777
 50
270.0
  0
INSERT
  5
18B
330
E4B
100
AcDbEntity
  8
Windows
100
AcDbBlockReference
  2
window_70-0
 10
0.0800000000000001
 20
-5.733333333333334
 30
0.0
 41
1.333333333333333
 42
1.333333333333333
 43
0.1777777777777777
 50
270.0
  0
LINE
  5
18C
330
E4B
100
AcDbEntity
  8
Staircase
100
AcDbLine
 10
4.533333266666667
 20
-7.293333333333337
 30
0.0
 11
6.173333266666667
 21
-7.293333333333333
 31
0.0
  0
LINE
  5
18D
330
E4B
100
AcDbEntity
  8
Staircase
100
AcDbLine
 10
5.479999933333334
 20
-7.986666666666665
 30
0.0
 11
4.533333266666667
 21
-7.986666666666665
 31
0.0
  0
HATCH
  5
B2D
330
E4B
100
AcDbEntity
  8
Walls
440
 33554687
100
AcDbHatch
 10
0.0
 20
0.0
 30
0.0
210
0.0
220
0.0
230
1.0
  2
SOLID
 70
     1
 71
     0
 91
        3
 92
        0
 93
       14
 72
     1
 10
0.0
 20
0.0
 11
6.399999933333335
 21
0.0
 72
     1
 10
6.399999933333335
 20
0.0
 11
6.399999933333335
 21
-1.6
 72
     1
 10
6.399999933333335
 20
-1.6
 11
6.239999933333334
 21
-1.6
 72
     1
 10
6.239999933333334
 20
-1.6
 11
6.239999933333334
 21
-0.1600000000000001
 72
     1
 10
6.239999933333334
 20
-0.1600000000000001
 11
3.226666666666667
 21
-0.16
 72
     1
 10
3.226666666666667
 20
-0.16
 11
3.226666666666667
 21
-3.066666666666666
 72
     1
 10
3.226666666666667
 20
-3.066666666666666
 11
3.44
 21
-3.066666666666666
 72
     1
 10
3.44
 20
-3.066666666666666
 11
3.44
 21
-3.226666666666667
 72
     1
 10
3.44
 20
-3.226666666666667
 11
3.066666666666666
 21
-3.226666666666667
 72
     1
 10
3.066666666666666
 20
-3.226666666666667
 11
3.066666666666666
 21
-0.1599999999999997
 72
     1
 10
3.066666666666666
 20
-0.1599999999999997
 11
0.1599999999999997
 21
-0.16
 72
     1
 10
0.1599999999999997
 20
-0.16
 11
0.16
 21
-1.6
 72
     1
 10
0.16
 20
-1.6
 11
0.0
 21
-1.6
 72
     1
 10
0.0
 20
-1.6
 11
0.0
 21
0.0
 97
        0
 92
        0
 93
       40
 72
     1
 10
6.399999933333335
 20
-9.199999999999998
 11
0.0
 21
-9.199999999999998
 72
     1
 10
0.0
 20
-9.199999999999998
 11
0.0
 21
-6.666666666666666
 72
     1
 10
0.0
 20
-6.666666666666666
 11
0.16
 21
-6.666666666666666
 72
     1
 10
0.16
 20
-6.666666666666666
 11
0.16
 21
-7.733333333333334
 72
     1
 10
0.16
 20
-7.733333333333334
 11
0.7999999999999998
 21
-7.733333333333334
 72
     1
 10
0.7999999999999998
 20
-7.733333333333334
 11
0.7999999999999999
 21
-7.893333333333335
 72
     1
 10
0.7999999999999999
 20
-7.893333333333335
 11
0.16
 21
-7.893333333333335
 72
     1
 10
0.16
 20
-7.893333333333335
 11
0.16
 21
-9.039999999999996
 72
     1
 10
0.16
 20
-9.039999999999996
 11
3.066666666666666
 21
-9.039999999999996
 72
     1
 10
3.066666666666666
 20
-9.039999999999996
 11
3.066666666666666
 21
-7.893333333333335
 72
     1
 10
3.066666666666666
 20
-7.893333333333335
 11
1.733333333333333
 21
-7.893333333333335
 72
     1
 10
1.733333333333333
 20
-7.893333333333335
 11
1.733333333333333
 21
-7.733333333333333
 72
     1
 10
1.733333333333333
 20
-7.733333333333333
 11
3.226666666666667
 21
-7.733333333333333
 72
     1
 10
3.226666666666667
 20
-7.733333333333333
 11
3.226666666666667
 21
-9.039999999999996
 72
     1
 10
3.226666666666667
 20
-9.039999999999996
 11
4.506666600000001
 21
-9.039999999999996
 72
     1
 10
4.506666600000001
 20
-9.039999999999996
 11
4.506666600000001
 21
-8.053333333333331
 72
     1
 10
4.506666600000001
 20
-8.053333333333331
 11
5.413333266666667
 21
-8.053333333333331
 72
     1
 10
5.413333266666667
 20
-8.053333333333331
 11
5.413333266666667
 21
-8.213333333333333
 72
     1
 10
5.413333266666667
 20
-8.213333333333333
 11
4.6666666
 21
-8.213333333333333
 72
     1
 10
4.6666666
 20
-8.213333333333333
 11
4.6666666
 21
-9.039999999999996
 72
     1
 10
4.6666666
 20
-9.039999999999996
 11
6.239999933333334
 21
-9.039999999999996
 72
     1
 10
6.239999933333334
 20
-9.039999999999996
 11
6.239999933333334
 21
-7.226666666666668
 72
     1
 10
6.239999933333334
 20
-7.226666666666668
 11
4.506666600000001
 21
-7.226666666666668
 72
     1
 10
4.506666600000001
 20
-7.226666666666668
 11
4.506666600000001
 21
-6.266666666666667
 72
     1
 10
4.506666600000001
 20
-6.266666666666667
 11
4.6666666
 21
-6.266666666666667
 72
     1
 10
4.6666666
 20
-6.266666666666667
 11
4.6666666
 21
-7.066666666666667
 72
     1
 10
4.6666666
 20
-7.066666666666667
 11
6.239999933333334
 21
-7.066666666666666
 72
     1
 10
6.239999933333334
 20
-7.066666666666666
 11
6.239999933333334
 21
-4.96
 72
     1
 10
6.239999933333334
 20
-4.96
 11
4.6666666
 21
-4.96
 72
     1
 10
4.6666666
 20
-4.96
 11
4.6666666
 21
-5.333333333333332
 72
     1
 10
4.6666666
 20
-5.333333333333332
 11
4.506666600000001
 21
-5.333333333333333
 72
     1
 10
4.506666600000001
 20
-5.333333333333333
 11
4.506666600000001
 21
-3.226666666666667
 72
     1
 10
4.506666600000001
 20
-3.226666666666667
 11
4.373333333333333
 21
-3.226666666666667
 72
     1
 10
4.373333333333333
 20
-3.226666666666667
 11
4.373333333333333
 21
-3.066666666666666
 72
     1
 10
4.373333333333333
 20
-3.066666666666666
 11
4.6666666
 21
-3.066666666666666
 72
     1
 10
4.6666666
 20
-3.066666666666666
 11
4.6666666
 21
-4.800000000000001
 72
     1
 10
4.6666666
 20
-4.800000000000001
 11
6.239999933333334
 21
-4.800000000000001
 72
     1
 10
6.239999933333334
 20
-4.800000000000001
 11
6.239999933333335
 21
-2.533333333333332
 72
     1
 10
6.239999933333335
 20
-2.533333333333332
 11
6.399999933333335
 21
-2.533333333333332
 72
     1
 10
6.399999933333335
 20
-2.533333333333332
 11
6.399999933333335
 21
-9.199999999999998
 97
        0
 92
        0
 93
       12
 72
     1
 10
3.066666666666666
 20
-4.16
 11
3.226666666666667
 21
-4.16
 72
     1
 10
3.226666666666667
 20
-4.16
 11
3.226666666666667
 21
-6.799999999999999
 72
     1
 10
3.226666666666667
 20
-6.799999999999999
 11
3.066666666666666
 21
-6.799999999999999
 72
     1
 10
3.066666666666666
 20
-6.799999999999999
 11
3.066666666666666
 21
-4.56
 72
     1
 10
3.066666666666666
 20
-4.56
 11
0.1599999999999997
 21
-4.56
 72
     1
 10
0.1599999999999997
 20
-4.56
 11
0.16
 21
-5.733333333333334
 72
     1
 10
0.16
 20
-5.733333333333334
 11
0.0
 21
-5.733333333333334
 72
     1
 10
0.0
 20
-5.733333333333334
 11
0.0
 21
-2.533333333333333
 72
     1
 10
0.0
 20
-2.533333333333333
 11
0.16
 21
-2.533333333333333
 72
     1
 10
0.16
 20
-2.533333333333333
 11
0.16
 21
-4.399999999999999
 72
     1
 10
0.16
 20
-4.399999999999999
 11
3.066666666666666
 21
-4.399999999999999
 72
     1
 10
3.066666666666666
 20
-4.399999999999999
 11
3.066666666666666
 21
-4.16
 97
        0
 75
     0
 76
     1
 98
        0
  0
INSERT
  5
18F
330
E4B
100
AcDbEntity
  8
Interiors
100
AcDbBlockReference
  2
bath-0
 10
4.6666666
 20
-7.066666666666666
 30
0.0
 41
0.1333333333333333
 42
0.1333333333333333
 43
0.1777777777777777
  0
INSERT
  5
190
330
E4B
100
AcDbEntity
  8
Interiors
100
AcDbBlockReference
  2
toilet-0
 10
6.239999933333334
 20
-5.866666666666668
 30
0.0
 41
0.1333333333333333
 42
0.1333333333333333
 43
0.1777777777777777
  0
TEXT
  5
414
330
E4B
100
AcDbEntity
  8
Labels
100
AcDbText
 10
0.2733941285044625
 20
-8.276673010380621
 30
0.0
 40
0.1866666666666667
  1
Bathroom 1
  7
QCADDimTextStyle
 72
     1
 11
0.9474186851211065
 21
-8.183339677047288
 31
0.0
100
AcDbText
 73
     2
  0
TEXT
  5
B16
330
E4B
100
AcDbEntity
  8
Room Sizes
100
AcDbText
 10
0.3974527915331131
 20
-8.553339677047289
 30
0.0
 40
0.14
  1
3.3m²
  7
QCADDimTextStyle
 72
     1
 11
0.6474186851211077
 21
-8.483339677047288
 31
0.0
100
AcDbText
 73
     2
  0
TEXT
  5
415
330
E4B
100
AcDbEntity
  8
Labels
100
AcDbText
 10
4.748197598938914
 20
-6.037777777777778
 30
0.0
 40
0.1866666666666667
  1
Bathroom 2
  7
QCADDimTextStyle
 72
     1
 11
5.422222155555557
 21
-5.944444444444445
 31
0.0
100
AcDbText
 73
     2
  0
TEXT
  5
B18
330
E4B
100
AcDbEntity
  8
Room Sizes
100
AcDbText
 10
5.172256261967561
 20
-6.314444444444444
 30
0.0
 40
0.14
  1
3.3m²
  7
QCADDimTextStyle
 72
     1
 11
5.422222155555556
 21
-6.244444444444444
 31
0.0
100
AcDbText
 73
     2
  0
TEXT
  5
711
330
E4B
100
AcDbEntity
  8
Labels
100
AcDbText
 10
3.825520691223285
 20
-4.823146884947716
 30
0.0
 40
0.1866666666666667
  1
Hallway
 50
90.0
  7
QCADDimTextStyle
 72
     1
 11
3.732187357889952
 21
-4.36666666666668
 31
0.0
100
AcDbText
 73
     2
  0
TEXT
  5
B17
330
E4B
100
AcDbEntity
  8
Room Sizes
100
AcDbText
 10
4.102187357889954
 20
-4.616632560254673
 30
0.0
 40
0.14
  1
7.4m²
 50
90.0
  7
QCADDimTextStyle
 72
     1
 11
4.032187357889954
 21
-4.366666666666679
 31
0.0
100
AcDbText
 73
     2
  0
TEXT
  5
416
330
E4B
100
AcDbEntity
  8
Labels
100
AcDbText
 10
0.6066454448991961
 20
-7.104444444444445
 30
0.0
 40
0.1866666666666667
  1
Bedroom 1
  7
QCADDimTextStyle
 72
     1
 11
1.244444444444444
 21
-7.011111111111111
 31
0.0
100
AcDbText
 73
     2
  0
TEXT
  5
B15
330
E4B
100
AcDbEntity
  8
Room Sizes
100
AcDbText
 10
0.9944785508564483
 20
-7.38111111111111
 30
0.0
 40
0.14
  1
9.2m²
  7
QCADDimTextStyle
 72
     1
 11
1.244444444444443
 21
-7.31111111111111
 31
0.0
100
AcDbText
 73
     2
  0
TEXT
  5
417
330
E4B
100
AcDbEntity
  8
Labels
100
AcDbText
 10
0.7844232226769751
 20
-3.093333333333333
 30
0.0
 40
0.1866666666666667
  1
Bedroom 2
  7
QCADDimTextStyle
 72
     1
 11
1.422222222222223
 21
-3.0
 31
0.0
100
AcDbText
 73
     2
  0
TEXT
  5
B10
330
E4B
100
AcDbEntity
  8
Room Sizes
100
AcDbText
 10
1.117870244050326
 20
-3.336666666666667
 30
0.0
 40
0.14
  1
12.3m²
  7
QCADDimTextStyle
 72
     1
 11
1.422222222222222
 21
-3.266666666666667
 31
0.0
100
AcDbText
 73
     2
  0
TEXT
  5
418
330
E4B
100
AcDbEntity
  8
Labels
100
AcDbText
 10
4.084423222676974
 20
-1.593333333333333
 30
0.0
 40
0.1866666666666667
  1
Bedroom 3
  7
QCADDimTextStyle
 72
     1
 11
4.722222222222221
 21
-1.5
 31
0.0
100
AcDbText
 73
     2
  0
TEXT
  5
B14
330
E4B
100
AcDbEntity
  8
Room Sizes
100
AcDbText
 10
4.417870244050325
 20
-1.870000000000002
 30
0.0
 40
0.14
  1
11.5m²
  7
QCADDimTextStyle
 72
     1
 11
4.722222222222221
 21
-1.800000000000002
 31
0.0
100
AcDbText
 73
     2
  0
DIMENSION
  5
5FE
330
E4B
100
AcDbEntity
  8
Dimensions
100
AcDbDimension
280
     0
 10
0.0
 20
-10.26666666666667
 30
0.0
 11
3.199999966666668
 21
-10.11666666666667
 31
0.0
 70
    32
 71
     5
 42
-1.0
 73
     0
 74
     0
 75
     0
  3
QCADDimStyle
100
AcDbAlignedDimension
 13
0.0
 23
-9.199999999999998
 33
0.0
 14
6.399999933333335
 24
-9.200000000000001
 34
0.0
100
AcDbRotatedDimension
1001
ACAD
1000
DSTYLE
1002
{
1070
   176
1070
   178
1070
   177
1070
   178
1002
}
  0
DIMENSION
  5
600
330
E4B
100
AcDbEntity
  8
Dimensions
100
AcDbDimension
280
     0
 10
7.466666599999995
 20
0.0
 30
0.0
 11
7.316666599999998
 21
-4.599999999999999
 31
0.0
 70
   160
 71
     5
 42
-1.0
 73
     0
 74
     0
 75
     0
  3
QCADDimStyle
100
AcDbAlignedDimension
 13
6.399999933333335
 23
0.0
 33
0.0
 14
6.399999933333335
 24
-9.199999999999998
 34
0.0
 50
90.0
100
AcDbRotatedDimension
1001
ACAD
1000
DSTYLE
1002
{
1070
   176
1070
   178
1070
   177
1070
   178
1002
}
  0
INSERT
  5
607
330
E4B
100
AcDbEntity
  8
Interiors
100
AcDbBlockReference
  2
bed_single_90_200-0
 10
2.099999999999999
 20
-2.226666666666667
 30
0.0
 43
0.1777777777777777
  0
INSERT
  5
608
330
E4B
100
AcDbEntity
  8
Interiors
100
AcDbBlockReference
  2
bed_single_90_200-0
 10
0.2266666666666667
 20
-2.226666666666667
 30
0.0
 43
0.1777777777777777
  0
LINE
  5
A0B
330
E4B
100
AcDbEntity
  8
Staircase
100
AcDbLine
 10
4.6666666
 20
-8.626666666666665
 30
0.0
 11
5.426666599999999
 21
-8.626666666666667
 31
0.0
  0
LINE
  5
A0F
330
E4B
100
AcDbEntity
  8
Staircase
100
AcDbLine
 10
5.8266666
 20
-8.039999999999996
 30
0.0
 11
5.8266666
 21
-8.226666666666668
 31
0.0
  0
ARC
  5
A10
330
E4B
100
AcDbEntity
  8
Staircase
100
AcDbCircle
 10
5.426666600000001
 20
-8.039999999999996
 30
0.0
 40
0.4
100
AcDbArc
 50
0.0
 51
90.00000000000009
1001
QCAD
1000
reversed:1
  0
ARC
  5
A11
330
E4B
100
AcDbEntity
  8
Staircase
100
AcDbCircle
 10
5.426666600000001
 20
-8.226666666666668
 30
0.0
 40
0.4
100
AcDbArc
 50
269.9999999999998
 51
0.0
1001
QCAD
1000
reversed:1
  0
LEADER
  5
A12
330
E4B
100
AcDbEntity
  8
Staircase
100
AcDbLeader
  3
QCADDimStyle
 76
     2
 10
4.700597405810696
 20
-7.640000000000001
 30
0.0
 10
5.426666599999999
 20
-7.639999999999998
 30
0.0
  0
INSERT
  5
B13
330
E4B
100
AcDbEntity
  8
Doors
100
AcDbBlockReference
  2
door_70-0
 10
4.586666600000001
 20
-6.266666666666665
 30
0.0
 41
1.333333333333333
 42
1.333333333333333
 43
0.1777777777777777
 50
90.0
  0
VIEWPORT
  5
F16
330
F12
100
AcDbEntity
 67
     1
  8
0
 62
   178
420
       76
100
AcDbViewport
 10
128.5
 20
97.5
 30
0.0
 40
314.226
 41
222.18
 68
     1
 69
     1
 12
128.5
 22
97.5
 13
0.0
 23
0.0
 14
10.0
 24
10.0
 15
10.0
 25
10.0
 16
0.0
 26
0.0
 36
1.0
 17
0.0
 27
0.0
 37
0.0
 42
50.0
 43
0.0
 44
0.0
 45
222.18
 50
0.0
 51
0.0
 72
   100
 90
   557152
  1

281
     0
 71
     1
 74
     0
110
0.0
120
0.0
130
0.0
111
1.0
121
0.0
131
0.0
112
0.0
122
1.0
132
0.0
 79
     0
146
0.0
170
     0
 61
     5
348
E5B
292
     1
282
     1
141
0.0
142
0.0
 63
   256
361
F17
  0
ENDSEC
  0
SECTION
  2
OBJECTS
  0
DICTIONARY
  5
E39
330
0
100
AcDbDictionary
281
     1
  3
ACAD_DETAILVIEWSTYLE
350
F67
  3
ACAD_GROUP
350
E3A
  3
ACAD_IMAGE_VARS
350
ED1
  3
ACAD_LAYOUT
350
E46
  3
ACAD_MATERIAL
350
E6F
  3
ACAD_MLEADERSTYLE
350
E87
  3
ACAD_MLINESTYLE
350
E43
  3
ACAD_PLOTSETTINGS
350
E45
  3
ACAD_PLOTSTYLENAME
350
E3B
  3
ACAD_SCALELIST
350
E73
  3
ACAD_SECTIONVIEWSTYLE
350
F68
  3
ACAD_TABLESTYLE
350
E85
  3
ACAD_VISUALSTYLE
350
E56
  3
AcDbVariableDictionary
350
F30
  3
ACDB_RECOMPOSE_DATA
350
F64
  3
QCAD_OBJECTS
350
E8B
  0
SUN
  5
E89
330
E55
100
AcDbSun
 90
        1
290
     0
 63
     7
421
 16777215
 40
1.0
291
     1
 91
  2455826
 92
 54000000
292
     0
 70
     2
 71
   256
280
     1
  0
SUN
  5
F11
330
F10
100
AcDbSun
 90
        1
290
     0
 63
     7
421
 16777215
 40
1.0
291
     1
 91
  2455826
 92
 54000000
292
     0
 70
     2
 71
   256
280
     1
  0
SUN
  5
F17
330
F16
100
AcDbSun
 90
        1
290
     0
 63
     7
421
 16777215
 40
1.0
291
     1
 91
  2455826
 92
 54000000
292
     0
 70
     2
 71
   256
280
     1
  0
DICTIONARY
  5
F67
102
{ACAD_REACTORS
330
E39
102
}
330
E39
100
AcDbDictionary
281
     1
  0
DICTIONARY
  5
E3A
102
{ACAD_REACTORS
330
E39
102
}
330
E39
100
AcDbDictionary
281
     1
  0
RASTERVARIABLES
  5
ED1
102
{ACAD_REACTORS
330
E39
102
}
330
E39
100
AcDbRasterVariables
 90
        0
 70
     1
 71
     1
 72
     3
  0
DICTIONARY
  5
E46
102
{ACAD_REACTORS
330
E39
102
}
330
E39
100
AcDbDictionary
281
     1
  3
Layout1
350
E4A
  3
Layout2
350
F13
  3
Model
350
E4E
  0
DICTIONARY
  5
E6F
102
{ACAD_REACTORS
330
E39
102
}
330
E39
100
AcDbDictionary
281
     1
  3
ByBlock
350
E71
  3
ByLayer
350
E70
  3
Global
350
E72
  0
DICTIONARY
  5
E87
102
{ACAD_REACTORS
330
E39
102
}
330
E39
100
AcDbDictionary
281
     1
  3
Standard
350
E88
  0
DICTIONARY
  5
E43
102
{ACAD_REACTORS
330
E39
102
}
330
E39
100
AcDbDictionary
281
     1
  3
Standard
350
E44
  0
DICTIONARY
  5
E45
102
{ACAD_REACTORS
330
E39
102
}
330
E39
100
AcDbDictionary
281
     1
  0
ACDBDICTIONARYWDFLT
  5
E3B
102
{ACAD_REACTORS
330
E39
102
}
330
E39
100
AcDbDictionary
281
     1
  3
Normal
350
E3C
100
AcDbDictionaryWithDefault
340
E3C
  0
DICTIONARY
  5
E73
102
{ACAD_REACTORS
330
E39
102
}
330
E39
100
AcDbDictionary
281
     1
  3
A0
350
E74
  3
A1
350
E75
  3
A2
350
E76
  3
A3
350
E77
  3
A4
350
E78
  3
A5
350
E79
  3
A6
350
E7A
  3
A7
350
E7B
  3
A8
350
E7C
  3
A9
350
E7D
  3
B1
350
E7E
  3
B2
350
E7F
  3
B3
350
E80
  3
B4
350
E81
  3
B5
350
E82
  3
B6
350
E83
  3
B7
350
E84
  0
DICTIONARY
  5
F68
102
{ACAD_REACTORS
330
E39
102
}
330
E39
100
AcDbDictionary
281
     1
  0
DICTIONARY
  5
E85
102
{ACAD_REACTORS
330
E39
102
}
330
E39
100
AcDbDictionary
281
     1
  3
Standard
350
E86
  0
DICTIONARY
  5
E56
102
{ACAD_REACTORS
330
E39
102
}
330
E39
100
AcDbDictionary
281
     1
  3
2dWireframe
350
E5B
  3
Basic
350
E5E
  3
Brighten
350
E62
  3
ColorChange
350
E66
  3
Conceptual
350
E60
  3
Dim
350
E61
  3
EdgeColorOff
350
E69
  3
Facepattern
350
E65
  3
Flat
350
E57
  3
FlatWithEdges
350
E58
  3
Gouraud
350
E59
  3
GouraudWithEdges
350
E5A
  3
Hidden
350
E5D
  3
JitterOff
350
E67
  3
Linepattern
350
E64
  3
OverhangOff
350
E68
  3
Realistic
350
E5F
  3
Shaded
350
E6E
  3
Shaded with edges
350
E6D
  3
Shades of Gray
350
E6A
  3
Sketchy
350
E6B
  3
Thicken
350
E63
  3
Wireframe
350
E5C
  3
X-Ray
350
E6C
  0
DICTIONARY
  5
F30
102
{ACAD_REACTORS
330
E39
102
}
330
E39
100
AcDbDictionary
281
     1
  3
CANNOSCALE
350
F31
  3
CMLEADERSTYLE
350
F66
  3
CTABLESTYLE
350
F65
  0
XRECORD
  5
F64
102
{ACAD_REACTORS
330
E39
102
}
330
E39
100
AcDbXrecord
280
     1
 90
        1
330
E86
  0
DICTIONARY
  5
E8B
102
{ACAD_REACTORS
330
E39
102
}
330
E39
100
AcDbDictionary
281
     1
  3
ColorSettings/BackgroundColor
350
E8D
  3
ColorSettings/ColorMode
350
E8E
  3
DimensionSettings/AngularFormat
350
E8F
  3
DimensionSettings/AngularPrecision
350
E90
  3
DimensionSettings/DecimalPoint
350
E91
  3
DimensionSettings/DimensionFont
350
E92
  3
DimensionSettings/DimensionTextColor
350
E93
  3
DimensionSettings/KeepProportions
350
E94
  3
DimensionSettings/LinearFormat
350
E95
  3
DimensionSettings/LinearPrecision
350
E96
  3
Grid/DisplayGrid
350
E97
  3
Grid/DisplayGrid00
350
E98
  3
Grid/DisplayGrid01
350
E99
  3
Grid/DisplayGrid02
350
E9A
  3
Grid/DisplayGrid03
350
E9B
  3
Grid/GridSpacingX
350
E9C
  3
Grid/GridSpacingX00
350
E9D
  3
Grid/GridSpacingX01
350
E9E
  3
Grid/GridSpacingX02
350
E9F
  3
Grid/GridSpacingX03
350
EA0
  3
Grid/GridSpacingY
350
EA1
  3
Grid/GridSpacingY00
350
EA2
  3
Grid/GridSpacingY01
350
EA3
  3
Grid/GridSpacingY02
350
EA4
  3
Grid/GridSpacingY03
350
EA5
  3
Grid/IsometricGrid00
350
EA6
  3
Grid/IsometricGrid01
350
EA7
  3
Grid/IsometricGrid02
350
EA8
  3
Grid/IsometricGrid03
350
EA9
  3
Grid/IsometricProjection00
350
EAA
  3
Grid/IsometricProjection01
350
EAB
  3
Grid/IsometricProjection02
350
EAC
  3
Grid/IsometricProjection03
350
EAD
  3
Grid/MetaGridSpacingX
350
EAE
  3
Grid/MetaGridSpacingX00
350
EAF
  3
Grid/MetaGridSpacingX01
350
EB0
  3
Grid/MetaGridSpacingX02
350
EB1
  3
Grid/MetaGridSpacingX03
350
EB2
  3
Grid/MetaGridSpacingY
350
EB3
  3
Grid/MetaGridSpacingY00
350
EB4
  3
Grid/MetaGridSpacingY01
350
EB5
  3
Grid/MetaGridSpacingY02
350
EB6
  3
Grid/MetaGridSpacingY03
350
EB7
  3
MultiPageSettings/Columns
350
EB8
  3
MultiPageSettings/GlueMarginBottom
350
EB9
  3
MultiPageSettings/GlueMarginsBottom
350
EBA
  3
MultiPageSettings/GlueMarginsLeft
350
EBB
  3
MultiPageSettings/GlueMarginsRight
350
EBC
  3
MultiPageSettings/GlueMarginsTop
350
EBD
  3
MultiPageSettings/PrintCropMarks
350
EBE
  3
MultiPageSettings/Rows
350
EBF
  3
PageSettings/OffsetX
350
EC0
  3
PageSettings/OffsetY
350
EC1
  3
PageSettings/PageOrientation
350
EC2
  3
PageSettings/PaperHeight
350
EC3
  3
PageSettings/PaperWidth
350
EC4
  3
PageSettings/Scale
350
EC5
  3
PageSettings/ShowPaperBorders
350
EC6
  3
PageTagSettings/EnablePageTags
350
EC7
  3
PageTagSettings/TagAlignment
350
EC8
  3
PageTagSettings/TagFont
350
EC9
  3
PageTagSettings/TagPosition
350
ECA
  3
QCADVersion
350
ECB
  3
UnitSettings/Measurement
350
ECC
  3
UnitSettings/PaperUnit
350
ECD
  3
ViewportCenter
350
ECE
  3
ViewportHeight
350
ECF
  3
ViewportWidth
350
ED0
  0
LAYOUT
  5
E4A
102
{ACAD_REACTORS
330
E46
102
}
330
E46
100
AcDbPlotSettings
  1

  2
none_device
  4
ISO_A4_(210.00_x_297.00_MM)
  6

 40
7.5
 41
20.0
 42
7.5
 43
20.0
 44
210.0
 45
297.0
 46
0.0
 47
0.0
 48
0.0
 49
0.0
140
0.0
141
0.0
142
1.0
143
1.0
 70
   688
 72
     1
 73
     1
 74
     5
  7

 75
    16
 76
     0
 77
     2
 78
   300
147
1.0
148
0.0
149
0.0
100
AcDbLayout
  1
Layout1
 70
     1
 71
     1
 10
-20.0
 20
-7.5
 11
277.0
 21
202.5
 12
0.0184545454545455
 22
0.2640360501567398
 32
0.0
 14
1.000000000000000E+20
 24
1.000000000000000E+20
 34
1.000000000000000E+20
 15
-1.000000000000000E+20
 25
-1.000000000000000E+20
 35
-1.000000000000000E+20
146
0.0
 13
0.0
 23
0.0
 33
0.0
 16
1.0
 26
0.0
 36
0.0
 17
0.0
 27
1.0
 37
0.0
 76
     0
330
E47
331
F10
  0
LAYOUT
  5
F13
102
{ACAD_REACTORS
330
E46
102
}
330
E46
100
AcDbPlotSettings
  1

  2
none_device
  4
ISO_A4_(210.00_x_297.00_MM)
  6

 40
7.5
 41
20.0
 42
7.5
 43
20.0
 44
210.0
 45
297.0
 46
0.0
 47
0.0
 48
0.0
 49
0.0
140
0.0
141
0.0
142
1.0
143
1.0
 70
   688
 72
     1
 73
     1
 74
     5
  7

 75
    16
 76
     0
 77
     2
 78
   300
147
1.0
148
0.0
149
0.0
100
AcDbLayout
  1
Layout2
 70
     1
 71
     2
 10
0.0
 20
0.0
 11
0.0
 21
0.0
 12
0.0
 22
0.0
 32
0.0
 14
0.0
 24
0.0
 34
0.0
 15
0.0
 25
0.0
 35
0.0
146
0.0
 13
0.0
 23
0.0
 33
0.0
 16
1.0
 26
0.0
 36
0.0
 17
0.0
 27
1.0
 37
0.0
 76
     0
330
F12
331
F16
  0
LAYOUT
  5
E4E
102
{ACAD_REACTORS
330
E46
102
}
330
E46
100
AcDbPlotSettings
  1

  2
none_device
  4
Letter_(8.50_x_11.00_Inches)
  6

 40
6.35
 41
6.35
 42
6.35000508
 43
6.35000508
 44
215.9
 45
279.4
 46
0.0
 47
0.0
 48
0.0
 49
0.0
140
0.0
141
0.0
142
1.0
143
1.0
 70
  1712
 72
     0
 73
     0
 74
     0
  7

 75
     0
 76
     0
 77
     2
 78
   300
147
1.0
148
0.0
149
0.0
100
AcDbLayout
  1
Model
 70
     1
 71
     0
 10
0.0
 20
0.0
 11
12.0
 21
9.0
 12
0.0
 22
0.0
 32
0.0
 14
0.0
 24
-10.36666666666667
 34
0.0
 15
7.566666599999995
 25
0.0
 35
0.0
146
0.0
 13
0.0
 23
0.0
 33
0.0
 16
1.0
 26
0.0
 36
0.0
 17
0.0
 27
1.0
 37
0.0
 76
     0
330
E4B
331
E55
  0
MATERIAL
  5
E71
102
{ACAD_REACTORS
330
E6F
102
}
330
E6F
100
AcDbMaterial
  1
ByBlock
 72
     1
 94
      127
  0
MATERIAL
  5
E70
102
{ACAD_REACTORS
330
E6F
102
}
330
E6F
100
AcDbMaterial
  1
ByLayer
 72
     1
 94
      127
  0
MATERIAL
  5
E72
102
{ACAD_REACTORS
330
E6F
102
}
330
E6F
100
AcDbMaterial
  1
Global
 72
     1
 94
      127
  0
MLEADERSTYLE
  5
E88
102
{ACAD_REACTORS
330
E87
102
}
330
E87
100
AcDbMLeaderStyle
179
     2
170
     2
171
     1
172
     0
 90
        2
 40
0.0
 41
0.0
173
     1
 91
-1056964608
340
E40
 92
       -2
290
     1
 42
0.09
291
     1
 43
0.36
  3
Standard
341
0
 44
0.18
300

342
E3E
174
     1
178
     6
175
     1
176
     0
 93
-1056964608
 45
0.18
292
     0
297
     0
 46
0.18
343
0
 94
-1056964608
 47
1.0
 49
1.0
140
1.0
293
     1
141
0.0
294
     1
177
     0
142
1.0
295
     0
296
     0
143
0.125
271
     0
272
     9
273
     9
  0
MLINESTYLE
  5
E44
102
{ACAD_REACTORS
330
E43
102
}
330
E43
100
AcDbMlineStyle
  2
Standard
 70
     0
  3

 62
   256
 51
90.0
 52
90.0
 71
     2
 49
0.5
 62
   256
  6
BYLAYER
 49
-0.5
 62
   256
  6
BYLAYER
  0
ACDBPLACEHOLDER
  5
E3C
102
{ACAD_REACTORS
330
E3B
102
}
330
E3B
  0
SCALE
  5
E74
102
{ACAD_REACTORS
330
E73
102
}
330
E73
100
AcDbScale
 70
     0
300
1:1
140
1.0
141
1.0
290
     1
  0
SCALE
  5
E75
102
{ACAD_REACTORS
330
E73
102
}
330
E73
100
AcDbScale
 70
     0
300
1/128" = 1'-0"
140
0.0078125
141
12.0
290
     0
  0
SCALE
  5
E76
102
{ACAD_REACTORS
330
E73
102
}
330
E73
100
AcDbScale
 70
     0
300
1/64" = 1'-0"
140
0.015625
141
12.0
290
     0
  0
SCALE
  5
E77
102
{ACAD_REACTORS
330
E73
102
}
330
E73
100
AcDbScale
 70
     0
300
1/32" = 1'-0"
140
0.03125
141
12.0
290
     0
  0
SCALE
  5
E78
102
{ACAD_REACTORS
330
E73
102
}
330
E73
100
AcDbScale
 70
     0
300
1/16" = 1'-0"
140
0.0625
141
12.0
290
     0
  0
SCALE
  5
E79
102
{ACAD_REACTORS
330
E73
102
}
330
E73
100
AcDbScale
 70
     0
300
3/32" = 1'-0"
140
0.09375
141
12.0
290
     0
  0
SCALE
  5
E7A
102
{ACAD_REACTORS
330
E73
102
}
330
E73
100
AcDbScale
 70
     0
300
1/8" = 1'-0"
140
0.125
141
12.0
290
     0
  0
SCALE
  5
E7B
102
{ACAD_REACTORS
330
E73
102
}
330
E73
100
AcDbScale
 70
     0
300
3/16" = 1'-0"
140
0.1875
141
12.0
290
     0
  0
SCALE
  5
E7C
102
{ACAD_REACTORS
330
E73
102
}
330
E73
100
AcDbScale
 70
     0
300
1/4" = 1'-0"
140
0.25
141
12.0
290
     0
  0
SCALE
  5
E7D
102
{ACAD_REACTORS
330
E73
102
}
330
E73
100
AcDbScale
 70
     0
300
3/8" = 1'-0"
140
0.375
141
12.0
290
     0
  0
SCALE
  5
E7E
102
{ACAD_REACTORS
330
E73
102
}
330
E73
100
AcDbScale
 70
     0
300
1/2" = 1'-0"
140
0.5
141
12.0
290
     0
  0
SCALE
  5
E7F
102
{ACAD_REACTORS
330
E73
102
}
330
E73
100
AcDbScale
 70
     0
300
3/4" = 1'-0"
140
0.75
141
12.0
290
     0
  0
SCALE
  5
E80
102
{ACAD_REACTORS
330
E73
102
}
330
E73
100
AcDbScale
 70
     0
300
1" = 1'-0"
140
1.0
141
12.0
290
     0
  0
SCALE
  5
E81
102
{ACAD_REACTORS
330
E73
102
}
330
E73
100
AcDbScale
 70
     0
300
1-1/2" = 1'-0"
140
1.5
141
12.0
290
     0
  0
SCALE
  5
E82
102
{ACAD_REACTORS
330
E73
102
}
330
E73
100
AcDbScale
 70
     0
300
3" = 1'-0"
140
3.0
141
12.0
290
     0
  0
SCALE
  5
E83
102
{ACAD_REACTORS
330
E73
102
}
330
E73
100
AcDbScale
 70
     0
300
6" = 1'-0"
140
6.0
141
12.0
290
     0
  0
SCALE
  5
E84
102
{ACAD_REACTORS
330
E73
102
}
330
E73
100
AcDbScale
 70
     0
300
1'-0" = 1'-0"
140
12.0
141
12.0
290
     0
  0
TABLESTYLE
  5
E86
102
{ACAD_REACTORS
330
E85
102
}
102
{ACAD_XDICTIONARY
360
F62
102
}
330
E85
100
AcDbTableStyle
  3
Standard
 70
     0
 71
     0
 40
0.06
 41
0.06
280
     0
281
     0
  7
Standard
140
0.18
170
     2
 62
     0
 63
   257
283
     0
 90
        4
 91
        0
  1

274
    -2
284
     1
 64
     0
275
    -2
285
     1
 65
     0
276
    -2
286
     1
 66
     0
277
    -2
287
     1
 67
     0
278
    -2
288
     1
 68
     0
279
    -2
289
     1
 69
     0
  7
Standard
140
0.25
170
     5
 62
     0
 63
   257
283
     0
 90
        4
 91
        0
  1

274
    -2
284
     1
 64
     0
275
    -2
285
     1
 65
     0
276
    -2
286
     1
 66
     0
277
    -2
287
     1
 67
     0
278
    -2
288
     1
 68
     0
279
    -2
289
     1
 69
     0
  7
Standard
140
0.18
170
     5
 62
     0
 63
   257
283
     0
 90
        4
 91
        0
  1

274
    -2
284
     1
 64
     0
275
    -2
285
     1
 65
     0
276
    -2
286
     1
 66
     0
277
    -2
287
     1
 67
     0
278
    -2
288
     1
 68
     0
279
    -2
289
     1
 69
     0
  0
VISUALSTYLE
  5
E5B
102
{ACAD_REACTORS
330
E56
102
}
102
{ACAD_XDICTIONARY
360
F3A
102
}
330
E56
100
AcDbVisualStyle
  2
2dWireframe
 70
     4
177
     2
291
     0
 71
     0
176
     1
 72
     2
176
     1
 73
     0
176
     1
 90
        0
176
     1
 40
0.6
176
     1
 41
30.0
176
     1
 62
     5
 63
     7
421
 16777215
176
     1
 74
     1
176
     1
 91
        4
176
     1
 64
     7
176
     1
 65
   257
176
     1
 75
     1
176
     1
175
     1
176
     1
 42
1.0
176
     1
 92
        0
176
     1
 66
   257
176
     1
 43
1.0
176
     1
 76
     1
176
     1
 77
     6
176
     1
 78
     2
176
     1
 67
     7
176
     1
 79
     5
176
     1
170
     0
176
     1
171
     0
176
     1
290
     0
176
     1
 93
        1
176
     1
 44
0.0
176
     1
173
     0
176
     1
  0
VISUALSTYLE
  5
E5E
102
{ACAD_REACTORS
330
E56
102
}
102
{ACAD_XDICTIONARY
360
F40
102
}
330
E56
100
AcDbVisualStyle
  2
Basic
 70
     7
177
     2
291
     1
 71
     1
176
     1
 72
     0
176
     1
 73
     1
176
     1
 90
        0
176
     1
 40
0.6
176
     1
 41
30.0
176
     1
 62
     5
 63
     7
421
 16777215
176
     1
 74
     0
176
     1
 91
        4
176
     1
 64
     7
176
     1
 65
   257
176
     1
 75
     1
176
     1
175
     1
176
     1
 42
1.0
176
     1
 92
        8
176
     1
 66
     7
176
     1
 43
1.0
176
     1
 76
     1
176
     1
 77
     6
176
     1
 78
     2
176
     1
 67
     7
176
     1
 79
     5
176
     1
170
     0
176
     1
171
     0
176
     1
290
     0
176
     1
 93
        1
176
     1
 44
0.0
176
     1
173
     0
176
     1
  0
VISUALSTYLE
  5
E62
102
{ACAD_REACTORS
330
E56
102
}
102
{ACAD_XDICTIONARY
360
F48
102
}
330
E56
100
AcDbVisualStyle
  2
Brighten
 70
    12
177
     2
291
     1
 71
     2
176
     1
 72
     2
176
     1
 73
     0
176
     1
 90
        0
176
     1
 40
0.6
176
     1
 41
30.0
176
     1
 62
     5
 63
     7
421
 16777215
176
     1
 74
     1
176
     1
 91
        4
176
     1
 64
     7
176
     1
 65
   257
176
     1
 75
     1
176
     1
175
     1
176
     1
 42
1.0
176
     1
 92
        8
176
     1
 66
     7
176
     1
 43
1.0
176
     1
 76
     1
176
     1
 77
     6
176
     1
 78
     2
176
     1
 67
     7
176
     1
 79
     5
176
     1
170
     0
176
     1
171
     0
176
     1
290
     0
176
     1
 93
        1
176
     1
 44
50.0
176
     1
173
     0
176
     1
  0
VISUALSTYLE
  5
E66
102
{ACAD_REACTORS
330
E56
102
}
102
{ACAD_XDICTIONARY
360
F50
102
}
330
E56
100
AcDbVisualStyle
  2
ColorChange
 70
    16
177
     2
291
     1
 71
     2
176
     1
 72
     2
176
     1
 73
     3
176
     1
 90
        0
176
     1
 40
0.6
176
     1
 41
30.0
176
     1
 62
     5
 63
     8
421
  8421504
176
     1
 74
     1
176
     1
 91
        4
176
     1
 64
     7
176
     1
 65
   257
176
     1
 75
     1
176
     1
175
     1
176
     1
 42
1.0
176
     1
 92
        8
176
     1
 66
     8
424
  8421504
176
     1
 43
1.0
176
     1
 76
     1
176
     1
 77
     6
176
     1
 78
     2
176
     1
 67
     7
176
     1
 79
     5
176
     1
170
     0
176
     1
171
     0
176
     1
290
     0
176
     1
 93
        1
176
     1
 44
0.0
176
     1
173
     0
176
     1
  0
VISUALSTYLE
  5
E60
102
{ACAD_REACTORS
330
E56
102
}
102
{ACAD_XDICTIONARY
360
F44
102
}
330
E56
100
AcDbVisualStyle
  2
Conceptual
 70
     9
177
     2
291
     0
 71
     3
176
     1
 72
     2
176
     1
 73
     0
176
     1
 90
        0
176
     1
 40
0.6
176
     1
 41
30.0
176
     1
 62
     5
 63
     7
421
 16777215
176
     1
 74
     2
176
     1
 91
        2
176
     1
 64
     7
176
     1
 65
   257
176
     1
 75
     1
176
     1
175
     1
176
     1
 42
179.0
176
     1
 92
        8
176
     1
 66
     7
176
     1
 43
1.0
176
     1
 76
     1
176
     1
 77
     6
176
     1
 78
     2
176
     1
 67
     7
176
     1
 79
     3
176
     1
170
     0
176
     1
171
     0
176
     1
290
     0
176
     1
 93
        1
176
     1
 44
0.0
176
     1
173
     0
176
     1
  0
VISUALSTYLE
  5
E61
102
{ACAD_REACTORS
330
E56
102
}
102
{ACAD_XDICTIONARY
360
F46
102
}
330
E56
100
AcDbVisualStyle
  2
Dim
 70
    11
177
     2
291
     1
 71
     2
176
     1
 72
     2
176
     1
 73
     0
176
     1
 90
        0
176
     1
 40
0.6
176
     1
 41
30.0
176
     1
 62
     5
 63
     7
421
 16777215
176
     1
 74
     1
176
     1
 91
        4
176
     1
 64
     7
176
     1
 65
   257
176
     1
 75
     1
176
     1
175
     1
176
     1
 42
1.0
176
     1
 92
        8
176
     1
 66
     7
176
     1
 43
1.0
176
     1
 76
     1
176
     1
 77
     6
176
     1
 78
     2
176
     1
 67
     7
176
     1
 79
     5
176
     1
170
     0
176
     1
171
     0
176
     1
290
     0
176
     1
 93
        1
176
     1
 44
-50.0
176
     1
173
     0
176
     1
  0
VISUALSTYLE
  5
E69
102
{ACAD_REACTORS
330
E56
102
}
102
{ACAD_XDICTIONARY
360
F56
102
}
330
E56
100
AcDbVisualStyle
  2
EdgeColorOff
 70
    22
177
     2
291
     1
 71
     2
176
     0
 72
     2
176
     0
 73
     0
176
     0
 90
        0
176
     0
 40
0.6
176
     0
 41
30.0
176
     0
 62
     5
 63
     7
421
 16777215
176
     0
 74
     1
176
     0
 91
        4
176
     0
 64
     7
176
     0
 65
   257
176
     0
 75
     1
176
     0
175
     1
176
     0
 42
1.0
176
     0
 92
        8
176
     2
 66
     7
176
     0
 43
1.0
176
     0
 76
     1
176
     0
 77
     6
176
     0
 78
     2
176
     0
 67
     7
176
     0
 79
     5
176
     0
170
     0
176
     0
171
     0
176
     0
290
     0
176
     0
 93
        1
176
     0
 44
0.0
176
     0
173
     0
176
     0
  0
VISUALSTYLE
  5
E65
102
{ACAD_REACTORS
330
E56
102
}
102
{ACAD_XDICTIONARY
360
F4E
102
}
330
E56
100
AcDbVisualStyle
  2
Facepattern
 70
    15
177
     2
291
     1
 71
     2
176
     1
 72
     2
176
     1
 73
     0
176
     1
 90
        0
176
     1
 40
0.6
176
     1
 41
30.0
176
     1
 62
     5
 63
     7
421
 16777215
176
     1
 74
     1
176
     1
 91
        4
176
     1
 64
     7
176
     1
 65
   257
176
     1
 75
     1
176
     1
175
     1
176
     1
 42
1.0
176
     1
 92
        8
176
     1
 66
     7
176
     1
 43
1.0
176
     1
 76
     1
176
     1
 77
     6
176
     1
 78
     2
176
     1
 67
     7
176
     1
 79
     5
176
     1
170
     0
176
     1
171
     0
176
     1
290
     0
176
     1
 93
        1
176
     1
 44
0.0
176
     1
173
     0
176
     1
  0
VISUALSTYLE
  5
E57
102
{ACAD_REACTORS
330
E56
102
}
102
{ACAD_XDICTIONARY
360
F32
102
}
330
E56
100
AcDbVisualStyle
  2
Flat
 70
     0
177
     2
291
     1
 71
     2
176
     1
 72
     1
176
     1
 73
     1
176
     1
 90
        2
176
     1
 40
0.6
176
     1
 41
30.0
176
     1
 62
     5
 63
     7
421
 16777215
176
     1
 74
     0
176
     1
 91
        0
176
     1
 64
     7
176
     1
 65
   257
176
     1
 75
     1
176
     1
175
     1
176
     1
 42
1.0
176
     1
 92
        8
176
     1
 66
     7
176
     1
 43
1.0
176
     1
 76
     1
176
     1
 77
     6
176
     1
 78
     2
176
     1
 67
     7
176
     1
 79
     5
176
     1
170
     0
176
     1
171
     0
176
     1
290
     0
176
     1
 93
       13
176
     1
 44
0.0
176
     1
173
     0
176
     1
  0
VISUALSTYLE
  5
E58
102
{ACAD_REACTORS
330
E56
102
}
102
{ACAD_XDICTIONARY
360
F34
102
}
330
E56
100
AcDbVisualStyle
  2
FlatWithEdges
 70
     1
177
     2
291
     1
 71
     2
176
     1
 72
     1
176
     1
 73
     1
176
     1
 90
        2
176
     1
 40
0.6
176
     1
 41
30.0
176
     1
 62
     5
 63
     7
421
 16777215
176
     1
 74
     1
176
     1
 91
        0
176
     1
 64
     7
176
     1
 65
   257
176
     1
 75
     1
176
     1
175
     1
176
     1
 42
1.0
176
     1
 92
        0
176
     1
 66
   257
176
     1
 43
1.0
176
     1
 76
     1
176
     1
 77
     6
176
     1
 78
     2
176
     1
 67
     7
176
     1
 79
     5
176
     1
170
     0
176
     1
171
     0
176
     1
290
     0
176
     1
 93
       13
176
     1
 44
0.0
176
     1
173
     0
176
     1
  0
VISUALSTYLE
  5
E59
102
{ACAD_REACTORS
330
E56
102
}
102
{ACAD_XDICTIONARY
360
F36
102
}
330
E56
100
AcDbVisualStyle
  2
Gouraud
 70
     2
177
     2
291
     1
 71
     2
176
     1
 72
     2
176
     1
 73
     1
176
     1
 90
        2
176
     1
 40
0.6
176
     1
 41
30.0
176
     1
 62
     5
 63
     7
421
 16777215
176
     1
 74
     0
176
     1
 91
        0
176
     1
 64
     7
176
     1
 65
   257
176
     1
 75
     1
176
     1
175
     1
176
     1
 42
1.0
176
     1
 92
        0
176
     1
 66
     7
176
     1
 43
1.0
176
     1
 76
     1
176
     1
 77
     6
176
     1
 78
     2
176
     1
 67
     7
176
     1
 79
     5
176
     1
170
     0
176
     1
171
     0
176
     1
290
     0
176
     1
 93
       13
176
     1
 44
0.0
176
     1
173
     0
176
     1
  0
VISUALSTYLE
  5
E5A
102
{ACAD_REACTORS
330
E56
102
}
102
{ACAD_XDICTIONARY
360
F38
102
}
330
E56
100
AcDbVisualStyle
  2
GouraudWithEdges
 70
     3
177
     2
291
     1
 71
     2
176
     1
 72
     2
176
     1
 73
     1
176
     1
 90
        2
176
     1
 40
0.6
176
     1
 41
30.0
176
     1
 62
     5
 63
     7
421
 16777215
176
     1
 74
     1
176
     1
 91
        0
176
     1
 64
     7
176
     1
 65
   257
176
     1
 75
     1
176
     1
175
     1
176
     1
 42
1.0
176
     1
 92
        0
176
     1
 66
   257
176
     1
 43
1.0
176
     1
 76
     1
176
     1
 77
     6
176
     1
 78
     2
176
     1
 67
     7
176
     1
 79
     5
176
     1
170
     0
176
     1
171
     0
176
     1
290
     0
176
     1
 93
       13
176
     1
 44
0.0
176
     1
173
     0
176
     1
  0
VISUALSTYLE
  5
E5D
102
{ACAD_REACTORS
330
E56
102
}
102
{ACAD_XDICTIONARY
360
F3E
102
}
330
E56
100
AcDbVisualStyle
  2
Hidden
 70
     6
177
     2
291
     0
 71
     1
176
     1
 72
     2
176
     1
 73
     2
176
     1
 90
        0
176
     1
 40
0.6
176
     1
 41
30.0
176
     1
 62
     5
 63
     7
421
 16777215
176
     1
 74
     2
176
     1
 91
        2
176
     1
 64
     7
176
     1
 65
   257
176
     1
 75
     2
176
     1
175
     1
176
     1
 42
40.0
176
     1
 92
        0
176
     1
 66
   257
176
     1
 43
1.0
176
     1
 76
     1
176
     1
 77
     6
176
     1
 78
     2
176
     1
 67
     7
176
     1
 79
     3
176
     1
170
     0
176
     1
171
     0
176
     1
290
     0
176
     1
 93
        1
176
     1
 44
0.0
176
     1
173
     0
176
     1
  0
VISUALSTYLE
  5
E67
102
{ACAD_REACTORS
330
E56
102
}
102
{ACAD_XDICTIONARY
360
F52
102
}
330
E56
100
AcDbVisualStyle
  2
JitterOff
 70
    20
177
     2
291
     1
 71
     2
176
     0
 72
     2
176
     0
 73
     0
176
     0
 90
        0
176
     0
 40
0.6
176
     0
 41
30.0
176
     0
 62
     5
 63
     7
421
 16777215
176
     0
 74
     1
176
     0
 91
        4
176
     0
 64
     7
176
     0
 65
   257
176
     0
 75
     1
176
     0
175
     1
176
     0
 42
1.0
176
     0
 92
       10
176
     2
 66
     7
176
     0
 43
1.0
176
     0
 76
     1
176
     0
 77
     6
176
     0
 78
     2
176
     0
 67
     7
176
     0
 79
     5
176
     0
170
     0
176
     0
171
     0
176
     0
290
     0
176
     0
 93
        1
176
     0
 44
0.0
176
     0
173
     0
176
     0
  0
VISUALSTYLE
  5
E64
102
{ACAD_REACTORS
330
E56
102
}
102
{ACAD_XDICTIONARY
360
F4C
102
}
330
E56
100
AcDbVisualStyle
  2
Linepattern
 70
    14
177
     2
291
     1
 71
     2
176
     1
 72
     2
176
     1
 73
     0
176
     1
 90
        0
176
     1
 40
0.6
176
     1
 41
30.0
176
     1
 62
     5
 63
     7
421
 16777215
176
     1
 74
     1
176
     1
 91
        4
176
     1
 64
     7
176
     1
 65
   257
176
     1
 75
     7
176
     1
175
     7
176
     1
 42
1.0
176
     1
 92
        8
176
     1
 66
     7
176
     1
 43
1.0
176
     1
 76
     1
176
     1
 77
     6
176
     1
 78
     2
176
     1
 67
     7
176
     1
 79
     5
176
     1
170
     0
176
     1
171
     0
176
     1
290
     0
176
     1
 93
        1
176
     1
 44
0.0
176
     1
173
     0
176
     1
  0
VISUALSTYLE
  5
E68
102
{ACAD_REACTORS
330
E56
102
}
102
{ACAD_XDICTIONARY
360
F54
102
}
330
E56
100
AcDbVisualStyle
  2
OverhangOff
 70
    21
177
     2
291
     1
 71
     2
176
     0
 72
     2
176
     0
 73
     0
176
     0
 90
        0
176
     0
 40
0.6
176
     0
 41
30.0
176
     0
 62
     5
 63
     7
421
 16777215
176
     0
 74
     1
176
     0
 91
        4
176
     0
 64
     7
176
     0
 65
   257
176
     0
 75
     1
176
     0
175
     1
176
     0
 42
1.0
176
     0
 92
        9
176
     2
 66
     7
176
     0
 43
1.0
176
     0
 76
     1
176
     0
 77
     6
176
     0
 78
     2
176
     0
 67
     7
176
     0
 79
     5
176
     0
170
     0
176
     0
171
     0
176
     0
290
     0
176
     0
 93
        1
176
     0
 44
0.0
176
     0
173
     0
176
     0
  0
VISUALSTYLE
  5
E5F
102
{ACAD_REACTORS
330
E56
102
}
102
{ACAD_XDICTIONARY
360
F42
102
}
330
E56
100
AcDbVisualStyle
  2
Realistic
 70
     8
177
     2
291
     0
 71
     2
176
     1
 72
     3
176
     1
 73
     0
176
     1
 90
        2
176
     1
 40
0.6
176
     1
 41
30.0
176
     1
 62
     5
 63
     7
421
 16777215
176
     1
 74
     0
176
     1
 91
        0
176
     1
 64
     7
176
     1
 65
   257
176
     1
 75
     1
176
     1
175
     1
176
     1
 42
1.0
176
     1
 92
        8
176
     1
 66
   257
176
     1
 43
1.0
176
     1
 76
     1
176
     1
 77
     6
176
     1
 78
     2
176
     1
 67
     7
176
     1
 79
     3
176
     1
170
     0
176
     1
171
     0
176
     1
290
     0
176
     1
 93
       13
176
     1
 44
0.0
176
     1
173
     0
176
     1
  0
VISUALSTYLE
  5
E6E
102
{ACAD_REACTORS
330
E56
102
}
102
{ACAD_XDICTIONARY
360
F60
102
}
330
E56
100
AcDbVisualStyle
  2
Shaded
 70
    27
177
     2
291
     0
 71
     2
176
     1
 72
     2
176
     1
 73
     1
176
     1
 90
        2
176
     1
 40
0.6
176
     1
 41
30.0
176
     1
 62
     5
 63
     7
421
 16777215
176
     1
 74
     0
176
     1
 91
        4
176
     1
 64
     7
176
     1
 65
   257
176
     1
 75
     1
176
     1
175
     1
176
     1
 42
1.0
176
     1
 92
        8
176
     1
 66
   257
176
     1
 43
1.0
176
     1
 76
     1
176
     1
 77
     6
176
     1
 78
     2
176
     1
 67
     8
425
  7895160
176
     1
 79
     3
176
     1
170
     0
176
     1
171
     0
176
     1
290
     0
176
     1
 93
        5
176
     1
 44
0.0
176
     1
173
     0
176
     1
  0
VISUALSTYLE
  5
E6D
102
{ACAD_REACTORS
330
E56
102
}
102
{ACAD_XDICTIONARY
360
F5E
102
}
330
E56
100
AcDbVisualStyle
  2
Shaded with edges
 70
    26
177
     2
291
     0
 71
     2
176
     1
 72
     2
176
     1
 73
     1
176
     1
 90
        2
176
     1
 40
0.6
176
     1
 41
30.0
176
     1
 62
     5
 63
     7
421
 16777215
176
     1
 74
     1
176
     1
 91
       10
176
     1
 64
     7
176
     1
 65
   257
176
     1
 75
     2
176
     1
175
     1
176
     1
 42
1.0
176
     1
 92
        8
176
     1
 66
   257
176
     1
 43
1.0
176
     1
 76
     1
176
     1
 77
     6
176
     1
 78
     2
176
     1
 67
     7
176
     1
 79
     3
176
     1
170
     0
176
     1
171
     0
176
     1
290
     0
176
     1
 93
        5
176
     1
 44
0.0
176
     1
173
     0
176
     1
  0
VISUALSTYLE
  5
E6A
102
{ACAD_REACTORS
330
E56
102
}
102
{ACAD_XDICTIONARY
360
F58
102
}
330
E56
100
AcDbVisualStyle
  2
Shades of Gray
 70
    23
177
     2
291
     0
 71
     2
176
     1
 72
     2
176
     1
 73
     3
176
     1
 90
        0
176
     1
 40
0.6
176
     1
 41
30.0
176
     1
 62
     5
 63
     7
421
 16777215
176
     1
 74
     2
176
     1
 91
        2
176
     1
 64
     7
176
     1
 65
     7
176
     1
 75
     1
176
     1
175
     1
176
     1
 42
40.0
176
     1
 92
        8
176
     1
 66
     7
176
     1
 43
1.0
176
     1
 76
     1
176
     1
 77
     6
176
     1
 78
     2
176
     1
 67
     7
176
     1
 79
     3
176
     1
170
     0
176
     1
171
     0
176
     1
290
     0
176
     1
 93
        1
176
     1
 44
0.0
176
     1
173
     0
176
     1
  0
VISUALSTYLE
  5
E6B
102
{ACAD_REACTORS
330
E56
102
}
102
{ACAD_XDICTIONARY
360
F5A
102
}
330
E56
100
AcDbVisualStyle
  2
Sketchy
 70
    24
177
     2
291
     0
 71
     1
176
     1
 72
     2
176
     1
 73
     2
176
     1
 90
        0
176
     1
 40
0.6
176
     1
 41
30.0
176
     1
 62
     5
 63
     7
421
 16777215
176
     1
 74
     2
176
     1
 91
        2
176
     1
 64
     7
176
     1
 65
     7
176
     1
 75
     1
176
     1
175
     1
176
     1
 42
40.0
176
     1
 92
       11
176
     1
 66
     7
176
     1
 43
1.0
176
     1
 76
     1
176
     1
 77
     6
176
     1
 78
     2
176
     1
 67
     7
176
     1
 79
     6
176
     1
170
     0
176
     1
171
     0
176
     1
290
     0
176
     1
 93
        1
176
     1
 44
0.0
176
     1
173
     0
176
     1
  0
VISUALSTYLE
  5
E63
102
{ACAD_REACTORS
330
E56
102
}
102
{ACAD_XDICTIONARY
360
F4A
102
}
330
E56
100
AcDbVisualStyle
  2
Thicken
 70
    13
177
     2
291
     1
 71
     2
176
     1
 72
     2
176
     1
 73
     0
176
     1
 90
        0
176
     1
 40
0.6
176
     1
 41
30.0
176
     1
 62
     5
 63
     7
421
 16777215
176
     1
 74
     1
176
     1
 91
        4
176
     1
 64
     7
176
     1
 65
   257
176
     1
 75
     1
176
     1
175
     1
176
     1
 42
1.0
176
     1
 92
       12
176
     1
 66
     7
176
     1
 43
1.0
176
     1
 76
     1
176
     1
 77
     6
176
     1
 78
     2
176
     1
 67
     7
176
     1
 79
     5
176
     1
170
     0
176
     1
171
     0
176
     1
290
     0
176
     1
 93
        1
176
     1
 44
0.0
176
     1
173
     0
176
     1
  0
VISUALSTYLE
  5
E5C
102
{ACAD_REACTORS
330
E56
102
}
102
{ACAD_XDICTIONARY
360
F3C
102
}
330
E56
100
AcDbVisualStyle
  2
Wireframe
 70
     5
177
     2
291
     0
 71
     0
176
     1
 72
     2
176
     1
 73
     0
176
     1
 90
        0
176
     1
 40
0.6
176
     1
 41
30.0
176
     1
 62
     5
 63
     7
421
 16777215
176
     1
 74
     1
176
     1
 91
        4
176
     1
 64
     7
176
     1
 65
   257
176
     1
 75
     1
176
     1
175
     1
176
     1
 42
1.0
176
     1
 92
        0
176
     1
 66
   257
176
     1
 43
1.0
176
     1
 76
     1
176
     1
 77
     6
176
     1
 78
     2
176
     1
 67
     7
176
     1
 79
     3
176
     1
170
     0
176
     1
171
     0
176
     1
290
     0
176
     1
 93
        1
176
     1
 44
0.0
176
     1
173
     0
176
     1
  0
VISUALSTYLE
  5
E6C
102
{ACAD_REACTORS
330
E56
102
}
102
{ACAD_XDICTIONARY
360
F5C
102
}
330
E56
100
AcDbVisualStyle
  2
X-Ray
 70
    25
177
     2
291
     0
 71
     2
176
     1
 72
     2
176
     1
 73
     1
176
     1
 90
        1
176
     1
 40
0.5
176
     1
 41
30.0
176
     1
 62
     5
 63
     7
421
 16777215
176
     1
 74
     1
176
     1
 91
        0
176
     1
 64
     7
176
     1
 65
   257
176
     1
 75
     1
176
     1
175
     1
176
     1
 42
1.0
176
     1
 92
        8
176
     1
 66
     7
176
     1
 43
1.0
176
     1
 76
     1
176
     1
 77
     6
176
     1
 78
     2
176
     1
 67
     7
176
     1
 79
     3
176
     1
170
     0
176
     1
171
     0
176
     1
290
     0
176
     1
 93
       13
176
     1
 44
0.0
176
     1
173
     0
176
     1
  0
DICTIONARYVAR
  5
F31
102
{ACAD_REACTORS
330
F30
102
}
330
F30
100
DictionaryVariables
280
     0
  1
1:1
  0
DICTIONARYVAR
  5
F66
102
{ACAD_REACTORS
330
F30
102
}
330
F30
100
DictionaryVariables
280
     0
  1
Standard
  0
DICTIONARYVAR
  5
F65
102
{ACAD_REACTORS
330
F30
102
}
330
F30
100
DictionaryVariables
280
     0
  1
Standard
  0
XRECORD
  5
E8D
102
{ACAD_REACTORS
330
E8B
102
}
330
E8B
100
AcDbXrecord
280
     1
1000
#ffffff
  0
XRECORD
  5
E8E
102
{ACAD_REACTORS
330
E8B
102
}
330
E8B
100
AcDbXrecord
280
     1
1000
FullColor
  0
XRECORD
  5
E8F
102
{ACAD_REACTORS
330
E8B
102
}
330
E8B
100
AcDbXrecord
280
     1
 40
0.0
  0
XRECORD
  5
E90
102
{ACAD_REACTORS
330
E8B
102
}
330
E8B
100
AcDbXrecord
280
     1
 40
2.0
  0
XRECORD
  5
E91
102
{ACAD_REACTORS
330
E8B
102
}
330
E8B
100
AcDbXrecord
280
     1
 40
46.0
  0
XRECORD
  5
E92
102
{ACAD_REACTORS
330
E8B
102
}
330
E8B
100
AcDbXrecord
280
     1
1000
Arial
  0
XRECORD
  5
E93
102
{ACAD_REACTORS
330
E8B
102
}
330
E8B
100
AcDbXrecord
280
     1
1000
#000000
  0
XRECORD
  5
E94
102
{ACAD_REACTORS
330
E8B
102
}
330
E8B
100
AcDbXrecord
280
     1
290
     1
  0
XRECORD
  5
E95
102
{ACAD_REACTORS
330
E8B
102
}
330
E8B
100
AcDbXrecord
280
     1
 40
2.0
  0
XRECORD
  5
E96
102
{ACAD_REACTORS
330
E8B
102
}
330
E8B
100
AcDbXrecord
280
     1
 40
4.0
  0
XRECORD
  5
E97
102
{ACAD_REACTORS
330
E8B
102
}
330
E8B
100
AcDbXrecord
280
     1
290
     1
  0
XRECORD
  5
E98
102
{ACAD_REACTORS
330
E8B
102
}
330
E8B
100
AcDbXrecord
280
     1
290
     1
  0
XRECORD
  5
E99
102
{ACAD_REACTORS
330
E8B
102
}
330
E8B
100
AcDbXrecord
280
     1
290
     1
  0
XRECORD
  5
E9A
102
{ACAD_REACTORS
330
E8B
102
}
330
E8B
100
AcDbXrecord
280
     1
290
     1
  0
XRECORD
  5
E9B
102
{ACAD_REACTORS
330
E8B
102
}
330
E8B
100
AcDbXrecord
280
     1
290
     1
  0
XRECORD
  5
E9C
102
{ACAD_REACTORS
330
E8B
102
}
330
E8B
100
AcDbXrecord
280
     1
1000
auto
  0
XRECORD
  5
E9D
102
{ACAD_REACTORS
330
E8B
102
}
330
E8B
100
AcDbXrecord
280
     1
1000
auto
  0
XRECORD
  5
E9E
102
{ACAD_REACTORS
330
E8B
102
}
330
E8B
100
AcDbXrecord
280
     1
1000
auto
  0
XRECORD
  5
E9F
102
{ACAD_REACTORS
330
E8B
102
}
330
E8B
100
AcDbXrecord
280
     1
1000
auto
  0
XRECORD
  5
EA0
102
{ACAD_REACTORS
330
E8B
102
}
330
E8B
100
AcDbXrecord
280
     1
1000
auto
  0
XRECORD
  5
EA1
102
{ACAD_REACTORS
330
E8B
102
}
330
E8B
100
AcDbXrecord
280
     1
1000
auto
  0
XRECORD
  5
EA2
102
{ACAD_REACTORS
330
E8B
102
}
330
E8B
100
AcDbXrecord
280
     1
1000
auto
  0
XRECORD
  5
EA3
102
{ACAD_REACTORS
330
E8B
102
}
330
E8B
100
AcDbXrecord
280
     1
1000
auto
  0
XRECORD
  5
EA4
102
{ACAD_REACTORS
330
E8B
102
}
330
E8B
100
AcDbXrecord
280
     1
1000
auto
  0
XRECORD
  5
EA5
102
{ACAD_REACTORS
330
E8B
102
}
330
E8B
100
AcDbXrecord
280
     1
1000
auto
  0
XRECORD
  5
EA6
102
{ACAD_REACTORS
330
E8B
102
}
330
E8B
100
AcDbXrecord
280
     1
290
     0
  0
XRECORD
  5
EA7
102
{ACAD_REACTORS
330
E8B
102
}
330
E8B
100
AcDbXrecord
280
     1
290
     0
  0
XRECORD
  5
EA8
102
{ACAD_REACTORS
330
E8B
102
}
330
E8B
100
AcDbXrecord
280
     1
290
     0
  0
XRECORD
  5
EA9
102
{ACAD_REACTORS
330
E8B
102
}
330
E8B
100
AcDbXrecord
280
     1
290
     0
  0
XRECORD
  5
EAA
102
{ACAD_REACTORS
330
E8B
102
}
330
E8B
100
AcDbXrecord
280
     1
 90
    65537
  0
XRECORD
  5
EAB
102
{ACAD_REACTORS
330
E8B
102
}
330
E8B
100
AcDbXrecord
280
     1
 90
    65537
  0
XRECORD
  5
EAC
102
{ACAD_REACTORS
330
E8B
102
}
330
E8B
100
AcDbXrecord
280
     1
 90
    65537
  0
XRECORD
  5
EAD
102
{ACAD_REACTORS
330
E8B
102
}
330
E8B
100
AcDbXrecord
280
     1
 90
    65537
  0
XRECORD
  5
EAE
102
{ACAD_REACTORS
330
E8B
102
}
330
E8B
100
AcDbXrecord
280
     1
1000
auto
  0
XRECORD
  5
EAF
102
{ACAD_REACTORS
330
E8B
102
}
330
E8B
100
AcDbXrecord
280
     1
1000
auto
  0
XRECORD
  5
EB0
102
{ACAD_REACTORS
330
E8B
102
}
330
E8B
100
AcDbXrecord
280
     1
1000
auto
  0
XRECORD
  5
EB1
102
{ACAD_REACTORS
330
E8B
102
}
330
E8B
100
AcDbXrecord
280
     1
1000
auto
  0
XRECORD
  5
EB2
102
{ACAD_REACTORS
330
E8B
102
}
330
E8B
100
AcDbXrecord
280
     1
1000
auto
  0
XRECORD
  5
EB3
102
{ACAD_REACTORS
330
E8B
102
}
330
E8B
100
AcDbXrecord
280
     1
1000
auto
  0
XRECORD
  5
EB4
102
{ACAD_REACTORS
330
E8B
102
}
330
E8B
100
AcDbXrecord
280
     1
1000
auto
  0
XRECORD
  5
EB5
102
{ACAD_REACTORS
330
E8B
102
}
330
E8B
100
AcDbXrecord
280
     1
1000
auto
  0
XRECORD
  5
EB6
102
{ACAD_REACTORS
330
E8B
102
}
330
E8B
100
AcDbXrecord
280
     1
1000
auto
  0
XRECORD
  5
EB7
102
{ACAD_REACTORS
330
E8B
102
}
330
E8B
100
AcDbXrecord
280
     1
1000
auto
  0
XRECORD
  5
EB8
102
{ACAD_REACTORS
330
E8B
102
}
330
E8B
100
AcDbXrecord
280
     1
 90
        1
  0
XRECORD
  5
EB9
102
{ACAD_REACTORS
330
E8B
102
}
330
E8B
100
AcDbXrecord
280
     1
 40
10.0
  0
XRECORD
  5
EBA
102
{ACAD_REACTORS
330
E8B
102
}
330
E8B
100
AcDbXrecord
280
     1
 40
10.0
  0
XRECORD
  5
EBB
102
{ACAD_REACTORS
330
E8B
102
}
330
E8B
100
AcDbXrecord
280
     1
 40
10.0
  0
XRECORD
  5
EBC
102
{ACAD_REACTORS
330
E8B
102
}
330
E8B
100
AcDbXrecord
280
     1
 40
10.0
  0
XRECORD
  5
EBD
102
{ACAD_REACTORS
330
E8B
102
}
330
E8B
100
AcDbXrecord
280
     1
 40
10.0
  0
XRECORD
  5
EBE
102
{ACAD_REACTORS
330
E8B
102
}
330
E8B
100
AcDbXrecord
280
     1
290
     0
  0
XRECORD
  5
EBF
102
{ACAD_REACTORS
330
E8B
102
}
330
E8B
100
AcDbXrecord
280
     1
 90
        1
  0
XRECORD
  5
EC0
102
{ACAD_REACTORS
330
E8B
102
}
330
E8B
100
AcDbXrecord
280
     1
 40
-13.84090909090947
  0
XRECORD
  5
EC1
102
{ACAD_REACTORS
330
E8B
102
}
330
E8B
100
AcDbXrecord
280
     1
 40
-198.0270376175598
  0
XRECORD
  5
EC2
102
{ACAD_REACTORS
330
E8B
102
}
330
E8B
100
AcDbXrecord
280
     1
1000
Portait
  0
XRECORD
  5
EC3
102
{ACAD_REACTORS
330
E8B
102
}
330
E8B
100
AcDbXrecord
280
     1
 40
297.0
  0
XRECORD
  5
EC4
102
{ACAD_REACTORS
330
E8B
102
}
330
E8B
100
AcDbXrecord
280
     1
 40
210.0
  0
XRECORD
  5
EC5
102
{ACAD_REACTORS
330
E8B
102
}
330
E8B
100
AcDbXrecord
280
     1
1000
0.00133333
  0
XRECORD
  5
EC6
102
{ACAD_REACTORS
330
E8B
102
}
330
E8B
100
AcDbXrecord
280
     1
290
     1
  0
XRECORD
  5
EC7
102
{ACAD_REACTORS
330
E8B
102
}
330
E8B
100
AcDbXrecord
280
     1
290
     0
  0
XRECORD
  5
EC8
102
{ACAD_REACTORS
330
E8B
102
}
330
E8B
100
AcDbXrecord
280
     1
1000
Inside
  0
XRECORD
  5
EC9
102
{ACAD_REACTORS
330
E8B
102
}
330
E8B
100
AcDbXrecord
280
     1
1000
Arial,10,-1,5,400,0,0,0,0,0,0,0,0,0,0,1
  0
XRECORD
  5
ECA
102
{ACAD_REACTORS
330
E8B
102
}
330
E8B
100
AcDbXrecord
280
     1
1000
TopLeft
  0
XRECORD
  5
ECB
102
{ACAD_REACTORS
330
E8B
102
}
330
E8B
100
AcDbXrecord
280
     1
1000
3.30.1.3
  0
XRECORD
  5
ECC
102
{ACAD_REACTORS
330
E8B
102
}
330
E8B
100
AcDbXrecord
280
     1
 40
1.0
  0
XRECORD
  5
ECD
102
{ACAD_REACTORS
330
E8B
102
}
330
E8B
100
AcDbXrecord
280
     1
 90
        4
  0
XRECORD
  5
ECE
102
{ACAD_REACTORS
330
E8B
102
}
330
E8B
100
AcDbXrecord
280
     1
  0
XRECORD
  5
ECF
102
{ACAD_REACTORS
330
E8B
102
}
330
E8B
100
AcDbXrecord
280
     1
 40
15.86660720601238
  0
XRECORD
  5
ED0
102
{ACAD_REACTORS
330
E8B
102
}
330
E8B
100
AcDbXrecord
280
     1
 40
28.13091710875332
  0
DICTIONARY
  5
F62
330
E86
100
AcDbDictionary
280
     1
281
     1
  3
ACAD_ROUNDTRIP_2008_TABLESTYLE_CELLSTYLEMAP
360
F63
  0
DICTIONARY
  5
F3A
330
E5B
100
AcDbDictionary
280
     1
281
     1
  3
ACAD_XREC_ROUNDTRIP
360
F3B
  0
DICTIONARY
  5
F40
330
E5E
100
AcDbDictionary
280
     1
281
     1
  3
ACAD_XREC_ROUNDTRIP
360
F41
  0
DICTIONARY
  5
F48
330
E62
100
AcDbDictionary
280
     1
281
     1
  3
ACAD_XREC_ROUNDTRIP
360
F49
  0
DICTIONARY
  5
F50
330
E66
100
AcDbDictionary
280
     1
281
     1
  3
ACAD_XREC_ROUNDTRIP
360
F51
  0
DICTIONARY
  5
F44
330
E60
100
AcDbDictionary
280
     1
281
     1
  3
ACAD_XREC_ROUNDTRIP
360
F45
  0
DICTIONARY
  5
F46
330
E61
100
AcDbDictionary
280
     1
281
     1
  3
ACAD_XREC_ROUNDTRIP
360
F47
  0
DICTIONARY
  5
F56
330
E69
100
AcDbDictionary
280
     1
281
     1
  3
ACAD_XREC_ROUNDTRIP
360
F57
  0
DICTIONARY
  5
F4E
330
E65
100
AcDbDictionary
280
     1
281
     1
  3
ACAD_XREC_ROUNDTRIP
360
F4F
  0
DICTIONARY
  5
F32
330
E57
100
AcDbDictionary
280
     1
281
     1
  3
ACAD_XREC_ROUNDTRIP
360
F33
  0
DICTIONARY
  5
F34
330
E58
100
AcDbDictionary
280
     1
281
     1
  3
ACAD_XREC_ROUNDTRIP
360
F35
  0
DICTIONARY
  5
F36
330
E59
100
AcDbDictionary
280
     1
281
     1
  3
ACAD_XREC_ROUNDTRIP
360
F37
  0
DICTIONARY
  5
F38
330
E5A
100
AcDbDictionary
280
     1
281
     1
  3
ACAD_XREC_ROUNDTRIP
360
F39
  0
DICTIONARY
  5
F3E
330
E5D
100
AcDbDictionary
280
     1
281
     1
  3
ACAD_XREC_ROUNDTRIP
360
F3F
  0
DICTIONARY
  5
F52
330
E67
100
AcDbDictionary
280
     1
281
     1
  3
ACAD_XREC_ROUNDTRIP
360
F53
  0
DICTIONARY
  5
F4C
330
E64
100
AcDbDictionary
280
     1
281
     1
  3
ACAD_XREC_ROUNDTRIP
360
F4D
  0
DICTIONARY
  5
F54
330
E68
100
AcDbDictionary
280
     1
281
     1
  3
ACAD_XREC_ROUNDTRIP
360
F55
  0
DICTIONARY
  5
F42
330
E5F
100
AcDbDictionary
280
     1
281
     1
  3
ACAD_XREC_ROUNDTRIP
360
F43
  0
DICTIONARY
  5
F60
330
E6E
100
AcDbDictionary
280
     1
281
     1
  3
ACAD_XREC_ROUNDTRIP
360
F61
  0
DICTIONARY
  5
F5E
330
E6D
100
AcDbDictionary
280
     1
281
     1
  3
ACAD_XREC_ROUNDTRIP
360
F5F
  0
DICTIONARY
  5
F58
330
E6A
100
AcDbDictionary
280
     1
281
     1
  3
ACAD_XREC_ROUNDTRIP
360
F59
  0
DICTIONARY
  5
F5A
330
E6B
100
AcDbDictionary
280
     1
281
     1
  3
ACAD_XREC_ROUNDTRIP
360
F5B
  0
DICTIONARY
  5
F4A
330
E63
100
AcDbDictionary
280
     1
281
     1
  3
ACAD_XREC_ROUNDTRIP
360
F4B
  0
DICTIONARY
  5
F3C
330
E5C
100
AcDbDictionary
280
     1
281
     1
  3
ACAD_XREC_ROUNDTRIP
360
F3D
  0
DICTIONARY
  5
F5C
330
E6C
100
AcDbDictionary
280
     1
281
     1
  3
ACAD_XREC_ROUNDTRIP
360
F5D
  0
CELLSTYLEMAP
  5
F63
102
{ACAD_REACTORS
330
F62
102
}
330
F62
100
AcDbCellStyleMap
 90
        3
300
CELLSTYLE
  1
TABLEFORMAT_BEGIN
 90
        5
170
     1
 91
        0
 92
    32768
 62
   257
 93
        1
300
CONTENTFORMAT
  1
CONTENTFORMAT_BEGIN
 90
        0
 91
        0
 92
        4
 93
        0
300

 40
0.0
140
1.0
 94
        5
 62
     0
340
E3E
144
0.25
309
CONTENTFORMAT_END
171
     1
301
MARGIN
  1
CELLMARGIN_BEGIN
 40
0.06
 40
0.06
 40
0.06
 40
0.06
 40
0.06
 40
0.06
309
CELLMARGIN_END
 94
        6
 95
        1
302
GRIDFORMAT
  1
GRIDFORMAT_BEGIN
 90
        0
 91
        1
 62
     0
 92
       -2
340
E40
 93
        0
 40
0.045
309
GRIDFORMAT_END
 95
        2
302
GRIDFORMAT
  1
GRIDFORMAT_BEGIN
 90
        0
 91
        1
 62
     0
 92
       -2
340
E40
 93
        0
 40
0.045
309
GRIDFORMAT_END
 95
        4
302
GRIDFORMAT
  1
GRIDFORMAT_BEGIN
 90
        0
 91
        1
 62
     0
 92
       -2
340
E40
 93
        0
 40
0.045
309
GRIDFORMAT_END
 95
        8
302
GRIDFORMAT
  1
GRIDFORMAT_BEGIN
 90
        0
 91
        1
 62
     0
 92
       -2
340
E40
 93
        0
 40
0.045
309
GRIDFORMAT_END
 95
       16
302
GRIDFORMAT
  1
GRIDFORMAT_BEGIN
 90
        0
 91
        1
 62
     0
 92
       -2
340
E40
 93
        0
 40
0.045
309
GRIDFORMAT_END
 95
       32
302
GRIDFORMAT
  1
GRIDFORMAT_BEGIN
 90
        0
 91
        1
 62
     0
 92
       -2
340
E40
 93
        0
 40
0.045
309
GRIDFORMAT_END
309
TABLEFORMAT_END
  1
CELLSTYLE_BEGIN
 90
        1
 91
        1
300
_TITLE
309
CELLSTYLE_END
300
CELLSTYLE
  1
TABLEFORMAT_BEGIN
 90
        5
170
     1
 91
        0
 92
        0
 62
   257
 93
        1
300
CONTENTFORMAT
  1
CONTENTFORMAT_BEGIN
 90
        0
 91
        0
 92
        4
 93
        0
300

 40
0.0
140
1.0
 94
        5
 62
     0
340
E3E
144
0.18
309
CONTENTFORMAT_END
171
     1
301
MARGIN
  1
CELLMARGIN_BEGIN
 40
0.06
 40
0.06
 40
0.06
 40
0.06
 40
0.06
 40
0.06
309
CELLMARGIN_END
 94
        6
 95
        1
302
GRIDFORMAT
  1
GRIDFORMAT_BEGIN
 90
        0
 91
        1
 62
     0
 92
       -2
340
E40
 93
        0
 40
0.045
309
GRIDFORMAT_END
 95
        2
302
GRIDFORMAT
  1
GRIDFORMAT_BEGIN
 90
        0
 91
        1
 62
     0
 92
       -2
340
E40
 93
        0
 40
0.045
309
GRIDFORMAT_END
 95
        4
302
GRIDFORMAT
  1
GRIDFORMAT_BEGIN
 90
        0
 91
        1
 62
     0
 92
       -2
340
E40
 93
        0
 40
0.045
309
GRIDFORMAT_END
 95
        8
302
GRIDFORMAT
  1
GRIDFORMAT_BEGIN
 90
        0
 91
        1
 62
     0
 92
       -2
340
E40
 93
        0
 40
0.045
309
GRIDFORMAT_END
 95
       16
302
GRIDFORMAT
  1
GRIDFORMAT_BEGIN
 90
        0
 91
        1
 62
     0
 92
       -2
340
E40
 93
        0
 40
0.045
309
GRIDFORMAT_END
 95
       32
302
GRIDFORMAT
  1
GRIDFORMAT_BEGIN
 90
        0
 91
        1
 62
     0
 92
       -2
340
E40
 93
        0
 40
0.045
309
GRIDFORMAT_END
309
TABLEFORMAT_END
  1
CELLSTYLE_BEGIN
 90
        2
 91
        1
300
_HEADER
309
CELLSTYLE_END
300
CELLSTYLE
  1
TABLEFORMAT_BEGIN
 90
        5
170
     1
 91
        0
 92
        0
 62
   257
 93
        1
300
CONTENTFORMAT
  1
CONTENTFORMAT_BEGIN
 90
        0
 91
        0
 92
        4
 93
        0
300

 40
0.0
140
1.0
 94
        2
 62
     0
340
E3E
144
0.18
309
CONTENTFORMAT_END
171
     1
301
MARGIN
  1
CELLMARGIN_BEGIN
 40
0.06
 40
0.06
 40
0.06
 40
0.06
 40
0.06
 40
0.06
309
CELLMARGIN_END
 94
        6
 95
        1
302
GRIDFORMAT
  1
GRIDFORMAT_BEGIN
 90
        0
 91
        1
 62
     0
 92
       -2
340
E40
 93
        0
 40
0.045
309
GRIDFORMAT_END
 95
        2
302
GRIDFORMAT
  1
GRIDFORMAT_BEGIN
 90
        0
 91
        1
 62
     0
 92
       -2
340
E40
 93
        0
 40
0.045
309
GRIDFORMAT_END
 95
        4
302
GRIDFORMAT
  1
GRIDFORMAT_BEGIN
 90
        0
 91
        1
 62
     0
 92
       -2
340
E40
 93
        0
 40
0.045
309
GRIDFORMAT_END
 95
        8
302
GRIDFORMAT
  1
GRIDFORMAT_BEGIN
 90
        0
 91
        1
 62
     0
 92
       -2
340
E40
 93
        0
 40
0.045
309
GRIDFORMAT_END
 95
       16
302
GRIDFORMAT
  1
GRIDFORMAT_BEGIN
 90
        0
 91
        1
 62
     0
 92
       -2
340
E40
 93
        0
 40
0.045
309
GRIDFORMAT_END
 95
       32
302
GRIDFORMAT
  1
GRIDFORMAT_BEGIN
 90
        0
 91
        1
 62
     0
 92
       -2
340
E40
 93
        0
 40
0.045
309
GRIDFORMAT_END
309
TABLEFORMAT_END
  1
CELLSTYLE_BEGIN
 90
        3
 91
        2
300
_DATA
309
CELLSTYLE_END
  0
XRECORD
  5
F3B
102
{ACAD_REACTORS
330
F3A
102
}
330
F3A
100
AcDbXrecord
280
     1
102
RTVSPost2010Prop28
280
     1
102
RTVSPost2010PropOp28
 70
     1
102
RTVSPost2010Prop29
280
     1
102
RTVSPost2010PropOp29
 70
     1
102
RTVSPost2010Prop30
280
     0
102
RTVSPost2010PropOp30
 70
     1
102
RTVSPost2010Prop31
280
     0
102
RTVSPost2010PropOp31
 70
     1
102
RTVSPost2010Prop32
280
     0
102
RTVSPost2010PropOp32
 70
     1
102
RTVSPost2010Prop33
280
     0
102
RTVSPost2010PropOp33
 70
     1
102
RTVSPost2010Prop34
280
     0
102
RTVSPost2010PropOp34
 70
     1
102
RTVSPost2010Prop35
280
     0
102
RTVSPost2010PropOp35
 70
     1
102
RTVSPost2010Prop36
280
     0
102
RTVSPost2010PropOp36
 70
     1
102
RTVSPost2010Prop37
 90
       50
102
RTVSPost2010PropOp37
 70
     1
102
RTVSPost2010Prop38
140
0.0
102
RTVSPost2010PropOp38
 70
     1
102
RTVSPost2010Prop39
140
1.0
102
RTVSPost2010PropOp39
 70
     1
102
RTVSPost2010Prop40
 90
        0
102
RTVSPost2010PropOp40
 70
     1
102
RTVSPost2010Prop41ColorIndex
 90
       18
102
RTVSPost2010Prop41ColorRGB
 90
        0
102
RTVSPost2010PropOp41
 70
     1
102
RTVSPost2010Prop42
 90
       50
102
RTVSPost2010PropOp42
 70
     1
102
RTVSPost2010Prop43
 90
        3
102
RTVSPost2010PropOp43
 70
     1
102
RTVSPost2010Prop44ColorIndex
 90
        5
102
RTVSPost2010Prop44ColorRGB
 90
      255
102
RTVSPost2010PropOp44
 70
     1
102
RTVSPost2010Prop45
280
     0
102
RTVSPost2010PropOp45
 70
     1
102
RTVSPost2010Prop46
 90
       50
102
RTVSPost2010PropOp46
 70
     1
102
RTVSPost2010Prop47
 90
       50
102
RTVSPost2010PropOp47
 70
     1
102
RTVSPost2010Prop48
 90
       50
102
RTVSPost2010PropOp48
 70
     1
102
RTVSPost2010Prop49
280
     0
102
RTVSPost2010PropOp49
 70
     1
102
RTVSPost2010Prop50
 90
       50
102
RTVSPost2010PropOp50
 70
     1
102
RTVSPost2010Prop51ColorIndex
 90
      256
102
RTVSPost2010Prop51ColorRGB
 90
-16777216
102
RTVSPost2010PropOp51
 70
     0
102
RTVSPost2010Prop52
140
1.0
102
RTVSPost2010PropOp52
 70
     0
102
RTVSPost2010Prop53
 90
        2
102
RTVSPost2010PropOp53
 70
     1
102
RTVSPost2010Prop54
  1
strokes_ogs.tif
102
RTVSPost2010PropOp54
 70
     1
102
RTVSPost2010Prop55
280
     0
102
RTVSPost2010PropOp55
 70
     1
102
RTVSPost2010Prop56
140
1.0
102
RTVSPost2010PropOp56
 70
     1
102
RTVSPost2010Prop57
140
1.0
102
RTVSPost2010PropOp57
 70
     1
  0
XRECORD
  5
F41
102
{ACAD_REACTORS
330
F40
102
}
330
F40
100
AcDbXrecord
280
     1
102
RTVSPost2010Prop28
280
     0
102
RTVSPost2010PropOp28
 70
     1
102
RTVSPost2010Prop29
280
     1
102
RTVSPost2010PropOp29
 70
     1
102
RTVSPost2010Prop30
280
     1
102
RTVSPost2010PropOp30
 70
     1
102
RTVSPost2010Prop31
280
     0
102
RTVSPost2010PropOp31
 70
     1
102
RTVSPost2010Prop32
280
     0
102
RTVSPost2010PropOp32
 70
     1
102
RTVSPost2010Prop33
280
     0
102
RTVSPost2010PropOp33
 70
     1
102
RTVSPost2010Prop34
280
     0
102
RTVSPost2010PropOp34
 70
     1
102
RTVSPost2010Prop35
280
     0
102
RTVSPost2010PropOp35
 70
     1
102
RTVSPost2010Prop36
280
     0
102
RTVSPost2010PropOp36
 70
     1
102
RTVSPost2010Prop37
 90
       50
102
RTVSPost2010PropOp37
 70
     1
102
RTVSPost2010Prop38
140
0.0
102
RTVSPost2010PropOp38
 70
     1
102
RTVSPost2010Prop39
140
1.0
102
RTVSPost2010PropOp39
 70
     1
102
RTVSPost2010Prop40
 90
        0
102
RTVSPost2010PropOp40
 70
     1
102
RTVSPost2010Prop41ColorIndex
 90
       18
102
RTVSPost2010Prop41ColorRGB
 90
        0
102
RTVSPost2010PropOp41
 70
     1
102
RTVSPost2010Prop42
 90
       50
102
RTVSPost2010PropOp42
 70
     1
102
RTVSPost2010Prop43
 90
        3
102
RTVSPost2010PropOp43
 70
     1
102
RTVSPost2010Prop44ColorIndex
 90
        5
102
RTVSPost2010Prop44ColorRGB
 90
      255
102
RTVSPost2010PropOp44
 70
     1
102
RTVSPost2010Prop45
280
     0
102
RTVSPost2010PropOp45
 70
     1
102
RTVSPost2010Prop46
 90
       50
102
RTVSPost2010PropOp46
 70
     1
102
RTVSPost2010Prop47
 90
       50
102
RTVSPost2010PropOp47
 70
     1
102
RTVSPost2010Prop48
 90
       50
102
RTVSPost2010PropOp48
 70
     1
102
RTVSPost2010Prop49
280
     0
102
RTVSPost2010PropOp49
 70
     1
102
RTVSPost2010Prop50
 90
       50
102
RTVSPost2010PropOp50
 70
     1
102
RTVSPost2010Prop51ColorIndex
 90
      256
102
RTVSPost2010Prop51ColorRGB
 90
-16777216
102
RTVSPost2010PropOp51
 70
     0
102
RTVSPost2010Prop52
140
1.0
102
RTVSPost2010PropOp52
 70
     0
102
RTVSPost2010Prop53
 90
        2
102
RTVSPost2010PropOp53
 70
     1
102
RTVSPost2010Prop54
  1
strokes_ogs.tif
102
RTVSPost2010PropOp54
 70
     1
102
RTVSPost2010Prop55
280
     0
102
RTVSPost2010PropOp55
 70
     1
102
RTVSPost2010Prop56
140
1.0
102
RTVSPost2010PropOp56
 70
     1
102
RTVSPost2010Prop57
140
1.0
102
RTVSPost2010PropOp57
 70
     1
  0
XRECORD
  5
F49
102
{ACAD_REACTORS
330
F48
102
}
330
F48
100
AcDbXrecord
280
     1
102
RTVSPost2010Prop28
280
     0
102
RTVSPost2010PropOp28
 70
     1
102
RTVSPost2010Prop29
280
     1
102
RTVSPost2010PropOp29
 70
     1
102
RTVSPost2010Prop30
280
     1
102
RTVSPost2010PropOp30
 70
     1
102
RTVSPost2010Prop31
280
     0
102
RTVSPost2010PropOp31
 70
     1
102
RTVSPost2010Prop32
280
     0
102
RTVSPost2010PropOp32
 70
     1
102
RTVSPost2010Prop33
280
     0
102
RTVSPost2010PropOp33
 70
     1
102
RTVSPost2010Prop34
280
     0
102
RTVSPost2010PropOp34
 70
     1
102
RTVSPost2010Prop35
280
     0
102
RTVSPost2010PropOp35
 70
     1
102
RTVSPost2010Prop36
280
     0
102
RTVSPost2010PropOp36
 70
     1
102
RTVSPost2010Prop37
 90
       50
102
RTVSPost2010PropOp37
 70
     1
102
RTVSPost2010Prop38
140
0.0
102
RTVSPost2010PropOp38
 70
     1
102
RTVSPost2010Prop39
140
1.0
102
RTVSPost2010PropOp39
 70
     1
102
RTVSPost2010Prop40
 90
        0
102
RTVSPost2010PropOp40
 70
     1
102
RTVSPost2010Prop41ColorIndex
 90
       18
102
RTVSPost2010Prop41ColorRGB
 90
        0
102
RTVSPost2010PropOp41
 70
     1
102
RTVSPost2010Prop42
 90
       50
102
RTVSPost2010PropOp42
 70
     1
102
RTVSPost2010Prop43
 90
        3
102
RTVSPost2010PropOp43
 70
     1
102
RTVSPost2010Prop44ColorIndex
 90
        5
102
RTVSPost2010Prop44ColorRGB
 90
      255
102
RTVSPost2010PropOp44
 70
     1
102
RTVSPost2010Prop45
280
     0
102
RTVSPost2010PropOp45
 70
     1
102
RTVSPost2010Prop46
 90
       50
102
RTVSPost2010PropOp46
 70
     1
102
RTVSPost2010Prop47
 90
       50
102
RTVSPost2010PropOp47
 70
     1
102
RTVSPost2010Prop48
 90
       50
102
RTVSPost2010PropOp48
 70
     1
102
RTVSPost2010Prop49
280
     0
102
RTVSPost2010PropOp49
 70
     1
102
RTVSPost2010Prop50
 90
       50
102
RTVSPost2010PropOp50
 70
     1
102
RTVSPost2010Prop51ColorIndex
 90
      256
102
RTVSPost2010Prop51ColorRGB
 90
-16777216
102
RTVSPost2010PropOp51
 70
     0
102
RTVSPost2010Prop52
140
1.0
102
RTVSPost2010PropOp52
 70
     0
102
RTVSPost2010Prop53
 90
        2
102
RTVSPost2010PropOp53
 70
     1
102
RTVSPost2010Prop54
  1
strokes_ogs.tif
102
RTVSPost2010PropOp54
 70
     1
102
RTVSPost2010Prop55
280
     0
102
RTVSPost2010PropOp55
 70
     1
102
RTVSPost2010Prop56
140
1.0
102
RTVSPost2010PropOp56
 70
     1
102
RTVSPost2010Prop57
140
1.0
102
RTVSPost2010PropOp57
 70
     1
  0
XRECORD
  5
F51
102
{ACAD_REACTORS
330
F50
102
}
330
F50
100
AcDbXrecord
280
     1
102
RTVSPost2010Prop28
280
     0
102
RTVSPost2010PropOp28
 70
     1
102
RTVSPost2010Prop29
280
     1
102
RTVSPost2010PropOp29
 70
     1
102
RTVSPost2010Prop30
280
     1
102
RTVSPost2010PropOp30
 70
     1
102
RTVSPost2010Prop31
280
     0
102
RTVSPost2010PropOp31
 70
     1
102
RTVSPost2010Prop32
280
     0
102
RTVSPost2010PropOp32
 70
     1
102
RTVSPost2010Prop33
280
     0
102
RTVSPost2010PropOp33
 70
     1
102
RTVSPost2010Prop34
280
     0
102
RTVSPost2010PropOp34
 70
     1
102
RTVSPost2010Prop35
280
     0
102
RTVSPost2010PropOp35
 70
     1
102
RTVSPost2010Prop36
280
     0
102
RTVSPost2010PropOp36
 70
     1
102
RTVSPost2010Prop37
 90
       50
102
RTVSPost2010PropOp37
 70
     1
102
RTVSPost2010Prop38
140
0.0
102
RTVSPost2010PropOp38
 70
     1
102
RTVSPost2010Prop39
140
1.0
102
RTVSPost2010PropOp39
 70
     1
102
RTVSPost2010Prop40
 90
        0
102
RTVSPost2010PropOp40
 70
     1
102
RTVSPost2010Prop41ColorIndex
 90
       18
102
RTVSPost2010Prop41ColorRGB
 90
        0
102
RTVSPost2010PropOp41
 70
     1
102
RTVSPost2010Prop42
 90
       50
102
RTVSPost2010PropOp42
 70
     1
102
RTVSPost2010Prop43
 90
        3
102
RTVSPost2010PropOp43
 70
     1
102
RTVSPost2010Prop44ColorIndex
 90
        5
102
RTVSPost2010Prop44ColorRGB
 90
      255
102
RTVSPost2010PropOp44
 70
     1
102
RTVSPost2010Prop45
280
     0
102
RTVSPost2010PropOp45
 70
     1
102
RTVSPost2010Prop46
 90
       50
102
RTVSPost2010PropOp46
 70
     1
102
RTVSPost2010Prop47
 90
       50
102
RTVSPost2010PropOp47
 70
     1
102
RTVSPost2010Prop48
 90
       50
102
RTVSPost2010PropOp48
 70
     1
102
RTVSPost2010Prop49
280
     0
102
RTVSPost2010PropOp49
 70
     1
102
RTVSPost2010Prop50
 90
       50
102
RTVSPost2010PropOp50
 70
     1
102
RTVSPost2010Prop51ColorIndex
 90
      256
102
RTVSPost2010Prop51ColorRGB
 90
-16777216
102
RTVSPost2010PropOp51
 70
     0
102
RTVSPost2010Prop52
140
1.0
102
RTVSPost2010PropOp52
 70
     0
102
RTVSPost2010Prop53
 90
        2
102
RTVSPost2010PropOp53
 70
     1
102
RTVSPost2010Prop54
  1
strokes_ogs.tif
102
RTVSPost2010PropOp54
 70
     1
102
RTVSPost2010Prop55
280
     0
102
RTVSPost2010PropOp55
 70
     1
102
RTVSPost2010Prop56
140
1.0
102
RTVSPost2010PropOp56
 70
     1
102
RTVSPost2010Prop57
140
1.0
102
RTVSPost2010PropOp57
 70
     1
  0
XRECORD
  5
F45
102
{ACAD_REACTORS
330
F44
102
}
330
F44
100
AcDbXrecord
280
     1
102
RTVSPost2010Prop28
280
     0
102
RTVSPost2010PropOp28
 70
     1
102
RTVSPost2010Prop29
280
     1
102
RTVSPost2010PropOp29
 70
     1
102
RTVSPost2010Prop30
280
     1
102
RTVSPost2010PropOp30
 70
     1
102
RTVSPost2010Prop31
280
     0
102
RTVSPost2010PropOp31
 70
     1
102
RTVSPost2010Prop32
280
     0
102
RTVSPost2010PropOp32
 70
     1
102
RTVSPost2010Prop33
280
     0
102
RTVSPost2010PropOp33
 70
     1
102
RTVSPost2010Prop34
280
     0
102
RTVSPost2010PropOp34
 70
     1
102
RTVSPost2010Prop35
280
     0
102
RTVSPost2010PropOp35
 70
     1
102
RTVSPost2010Prop36
280
     0
102
RTVSPost2010PropOp36
 70
     1
102
RTVSPost2010Prop37
 90
       50
102
RTVSPost2010PropOp37
 70
     1
102
RTVSPost2010Prop38
140
0.0
102
RTVSPost2010PropOp38
 70
     1
102
RTVSPost2010Prop39
140
1.0
102
RTVSPost2010PropOp39
 70
     1
102
RTVSPost2010Prop40
 90
        0
102
RTVSPost2010PropOp40
 70
     1
102
RTVSPost2010Prop41ColorIndex
 90
       18
102
RTVSPost2010Prop41ColorRGB
 90
        0
102
RTVSPost2010PropOp41
 70
     1
102
RTVSPost2010Prop42
 90
       50
102
RTVSPost2010PropOp42
 70
     1
102
RTVSPost2010Prop43
 90
        3
102
RTVSPost2010PropOp43
 70
     1
102
RTVSPost2010Prop44ColorIndex
 90
        5
102
RTVSPost2010Prop44ColorRGB
 90
      255
102
RTVSPost2010PropOp44
 70
     1
102
RTVSPost2010Prop45
280
     0
102
RTVSPost2010PropOp45
 70
     1
102
RTVSPost2010Prop46
 90
       50
102
RTVSPost2010PropOp46
 70
     1
102
RTVSPost2010Prop47
 90
       50
102
RTVSPost2010PropOp47
 70
     1
102
RTVSPost2010Prop48
 90
       50
102
RTVSPost2010PropOp48
 70
     1
102
RTVSPost2010Prop49
280
     0
102
RTVSPost2010PropOp49
 70
     1
102
RTVSPost2010Prop50
 90
       50
102
RTVSPost2010PropOp50
 70
     1
102
RTVSPost2010Prop51ColorIndex
 90
      256
102
RTVSPost2010Prop51ColorRGB
 90
-16777216
102
RTVSPost2010PropOp51
 70
     0
102
RTVSPost2010Prop52
140
1.0
102
RTVSPost2010PropOp52
 70
     0
102
RTVSPost2010Prop53
 90
        2
102
RTVSPost2010PropOp53
 70
     1
102
RTVSPost2010Prop54
  1
strokes_ogs.tif
102
RTVSPost2010PropOp54
 70
     1
102
RTVSPost2010Prop55
280
     0
102
RTVSPost2010PropOp55
 70
     1
102
RTVSPost2010Prop56
140
1.0
102
RTVSPost2010PropOp56
 70
     1
102
RTVSPost2010Prop57
140
1.0
102
RTVSPost2010PropOp57
 70
     1
  0
XRECORD
  5
F47
102
{ACAD_REACTORS
330
F46
102
}
330
F46
100
AcDbXrecord
280
     1
102
RTVSPost2010Prop28
280
     0
102
RTVSPost2010PropOp28
 70
     1
102
RTVSPost2010Prop29
280
     1
102
RTVSPost2010PropOp29
 70
     1
102
RTVSPost2010Prop30
280
     1
102
RTVSPost2010PropOp30
 70
     1
102
RTVSPost2010Prop31
280
     0
102
RTVSPost2010PropOp31
 70
     1
102
RTVSPost2010Prop32
280
     0
102
RTVSPost2010PropOp32
 70
     1
102
RTVSPost2010Prop33
280
     0
102
RTVSPost2010PropOp33
 70
     1
102
RTVSPost2010Prop34
280
     0
102
RTVSPost2010PropOp34
 70
     1
102
RTVSPost2010Prop35
280
     0
102
RTVSPost2010PropOp35
 70
     1
102
RTVSPost2010Prop36
280
     0
102
RTVSPost2010PropOp36
 70
     1
102
RTVSPost2010Prop37
 90
       50
102
RTVSPost2010PropOp37
 70
     1
102
RTVSPost2010Prop38
140
0.0
102
RTVSPost2010PropOp38
 70
     1
102
RTVSPost2010Prop39
140
1.0
102
RTVSPost2010PropOp39
 70
     1
102
RTVSPost2010Prop40
 90
        0
102
RTVSPost2010PropOp40
 70
     1
102
RTVSPost2010Prop41ColorIndex
 90
       18
102
RTVSPost2010Prop41ColorRGB
 90
        0
102
RTVSPost2010PropOp41
 70
     1
102
RTVSPost2010Prop42
 90
       50
102
RTVSPost2010PropOp42
 70
     1
102
RTVSPost2010Prop43
 90
        3
102
RTVSPost2010PropOp43
 70
     1
102
RTVSPost2010Prop44ColorIndex
 90
        5
102
RTVSPost2010Prop44ColorRGB
 90
      255
102
RTVSPost2010PropOp44
 70
     1
102
RTVSPost2010Prop45
280
     0
102
RTVSPost2010PropOp45
 70
     1
102
RTVSPost2010Prop46
 90
       50
102
RTVSPost2010PropOp46
 70
     1
102
RTVSPost2010Prop47
 90
       50
102
RTVSPost2010PropOp47
 70
     1
102
RTVSPost2010Prop48
 90
       50
102
RTVSPost2010PropOp48
 70
     1
102
RTVSPost2010Prop49
280
     0
102
RTVSPost2010PropOp49
 70
     1
102
RTVSPost2010Prop50
 90
       50
102
RTVSPost2010PropOp50
 70
     1
102
RTVSPost2010Prop51ColorIndex
 90
      256
102
RTVSPost2010Prop51ColorRGB
 90
-16777216
102
RTVSPost2010PropOp51
 70
     0
102
RTVSPost2010Prop52
140
1.0
102
RTVSPost2010PropOp52
 70
     0
102
RTVSPost2010Prop53
 90
        2
102
RTVSPost2010PropOp53
 70
     1
102
RTVSPost2010Prop54
  1
strokes_ogs.tif
102
RTVSPost2010PropOp54
 70
     1
102
RTVSPost2010Prop55
280
     0
102
RTVSPost2010PropOp55
 70
     1
102
RTVSPost2010Prop56
140
1.0
102
RTVSPost2010PropOp56
 70
     1
102
RTVSPost2010Prop57
140
1.0
102
RTVSPost2010PropOp57
 70
     1
  0
XRECORD
  5
F57
102
{ACAD_REACTORS
330
F56
102
}
330
F56
100
AcDbXrecord
280
     1
102
RTVSPost2010Prop28
280
     0
102
RTVSPost2010PropOp28
 70
     0
102
RTVSPost2010Prop29
280
     1
102
RTVSPost2010PropOp29
 70
     0
102
RTVSPost2010Prop30
280
     1
102
RTVSPost2010PropOp30
 70
     0
102
RTVSPost2010Prop31
280
     0
102
RTVSPost2010PropOp31
 70
     0
102
RTVSPost2010Prop32
280
     0
102
RTVSPost2010PropOp32
 70
     0
102
RTVSPost2010Prop33
280
     0
102
RTVSPost2010PropOp33
 70
     0
102
RTVSPost2010Prop34
280
     0
102
RTVSPost2010PropOp34
 70
     0
102
RTVSPost2010Prop35
280
     0
102
RTVSPost2010PropOp35
 70
     0
102
RTVSPost2010Prop36
280
     0
102
RTVSPost2010PropOp36
 70
     0
102
RTVSPost2010Prop37
 90
       50
102
RTVSPost2010PropOp37
 70
     0
102
RTVSPost2010Prop38
140
0.0
102
RTVSPost2010PropOp38
 70
     0
102
RTVSPost2010Prop39
140
1.0
102
RTVSPost2010PropOp39
 70
     0
102
RTVSPost2010Prop40
 90
        0
102
RTVSPost2010PropOp40
 70
     0
102
RTVSPost2010Prop41ColorIndex
 90
       18
102
RTVSPost2010Prop41ColorRGB
 90
        0
102
RTVSPost2010PropOp41
 70
     0
102
RTVSPost2010Prop42
 90
       50
102
RTVSPost2010PropOp42
 70
     0
102
RTVSPost2010Prop43
 90
        3
102
RTVSPost2010PropOp43
 70
     0
102
RTVSPost2010Prop44ColorIndex
 90
        5
102
RTVSPost2010Prop44ColorRGB
 90
      255
102
RTVSPost2010PropOp44
 70
     0
102
RTVSPost2010Prop45
280
     0
102
RTVSPost2010PropOp45
 70
     0
102
RTVSPost2010Prop46
 90
       50
102
RTVSPost2010PropOp46
 70
     0
102
RTVSPost2010Prop47
 90
       50
102
RTVSPost2010PropOp47
 70
     0
102
RTVSPost2010Prop48
 90
       50
102
RTVSPost2010PropOp48
 70
     0
102
RTVSPost2010Prop49
280
     0
102
RTVSPost2010PropOp49
 70
     0
102
RTVSPost2010Prop50
 90
       50
102
RTVSPost2010PropOp50
 70
     0
102
RTVSPost2010Prop51ColorIndex
 90
      256
102
RTVSPost2010Prop51ColorRGB
 90
-16777216
102
RTVSPost2010PropOp51
 70
     0
102
RTVSPost2010Prop52
140
1.0
102
RTVSPost2010PropOp52
 70
     0
102
RTVSPost2010Prop53
 90
        2
102
RTVSPost2010PropOp53
 70
     0
102
RTVSPost2010Prop54
  1
strokes_ogs.tif
102
RTVSPost2010PropOp54
 70
     0
102
RTVSPost2010Prop55
280
     0
102
RTVSPost2010PropOp55
 70
     0
102
RTVSPost2010Prop56
140
1.0
102
RTVSPost2010PropOp56
 70
     0
102
RTVSPost2010Prop57
140
1.0
102
RTVSPost2010PropOp57
 70
     0
  0
XRECORD
  5
F4F
102
{ACAD_REACTORS
330
F4E
102
}
330
F4E
100
AcDbXrecord
280
     1
102
RTVSPost2010Prop28
280
     0
102
RTVSPost2010PropOp28
 70
     1
102
RTVSPost2010Prop29
280
     1
102
RTVSPost2010PropOp29
 70
     1
102
RTVSPost2010Prop30
280
     1
102
RTVSPost2010PropOp30
 70
     1
102
RTVSPost2010Prop31
280
     0
102
RTVSPost2010PropOp31
 70
     1
102
RTVSPost2010Prop32
280
     0
102
RTVSPost2010PropOp32
 70
     1
102
RTVSPost2010Prop33
280
     0
102
RTVSPost2010PropOp33
 70
     1
102
RTVSPost2010Prop34
280
     0
102
RTVSPost2010PropOp34
 70
     1
102
RTVSPost2010Prop35
280
     0
102
RTVSPost2010PropOp35
 70
     1
102
RTVSPost2010Prop36
280
     0
102
RTVSPost2010PropOp36
 70
     1
102
RTVSPost2010Prop37
 90
       50
102
RTVSPost2010PropOp37
 70
     1
102
RTVSPost2010Prop38
140
0.0
102
RTVSPost2010PropOp38
 70
     1
102
RTVSPost2010Prop39
140
1.0
102
RTVSPost2010PropOp39
 70
     1
102
RTVSPost2010Prop40
 90
        0
102
RTVSPost2010PropOp40
 70
     1
102
RTVSPost2010Prop41ColorIndex
 90
       18
102
RTVSPost2010Prop41ColorRGB
 90
        0
102
RTVSPost2010PropOp41
 70
     1
102
RTVSPost2010Prop42
 90
       50
102
RTVSPost2010PropOp42
 70
     1
102
RTVSPost2010Prop43
 90
        3
102
RTVSPost2010PropOp43
 70
     1
102
RTVSPost2010Prop44ColorIndex
 90
        5
102
RTVSPost2010Prop44ColorRGB
 90
      255
102
RTVSPost2010PropOp44
 70
     1
102
RTVSPost2010Prop45
280
     0
102
RTVSPost2010PropOp45
 70
     1
102
RTVSPost2010Prop46
 90
       50
102
RTVSPost2010PropOp46
 70
     1
102
RTVSPost2010Prop47
 90
       50
102
RTVSPost2010PropOp47
 70
     1
102
RTVSPost2010Prop48
 90
       50
102
RTVSPost2010PropOp48
 70
     1
102
RTVSPost2010Prop49
280
     0
102
RTVSPost2010PropOp49
 70
     1
102
RTVSPost2010Prop50
 90
       50
102
RTVSPost2010PropOp50
 70
     1
102
RTVSPost2010Prop51ColorIndex
 90
      256
102
RTVSPost2010Prop51ColorRGB
 90
-16777216
102
RTVSPost2010PropOp51
 70
     0
102
RTVSPost2010Prop52
140
1.0
102
RTVSPost2010PropOp52
 70
     0
102
RTVSPost2010Prop53
 90
        2
102
RTVSPost2010PropOp53
 70
     1
102
RTVSPost2010Prop54
  1
strokes_ogs.tif
102
RTVSPost2010PropOp54
 70
     1
102
RTVSPost2010Prop55
280
     0
102
RTVSPost2010PropOp55
 70
     1
102
RTVSPost2010Prop56
140
1.0
102
RTVSPost2010PropOp56
 70
     1
102
RTVSPost2010Prop57
140
1.0
102
RTVSPost2010PropOp57
 70
     1
  0
XRECORD
  5
F33
102
{ACAD_REACTORS
330
F32
102
}
330
F32
100
AcDbXrecord
280
     1
102
RTVSPost2010Prop28
280
     0
102
RTVSPost2010PropOp28
 70
     1
102
RTVSPost2010Prop29
280
     1
102
RTVSPost2010PropOp29
 70
     1
102
RTVSPost2010Prop30
280
     1
102
RTVSPost2010PropOp30
 70
     1
102
RTVSPost2010Prop31
280
     0
102
RTVSPost2010PropOp31
 70
     1
102
RTVSPost2010Prop32
280
     0
102
RTVSPost2010PropOp32
 70
     1
102
RTVSPost2010Prop33
280
     0
102
RTVSPost2010PropOp33
 70
     1
102
RTVSPost2010Prop34
280
     0
102
RTVSPost2010PropOp34
 70
     1
102
RTVSPost2010Prop35
280
     0
102
RTVSPost2010PropOp35
 70
     1
102
RTVSPost2010Prop36
280
     0
102
RTVSPost2010PropOp36
 70
     1
102
RTVSPost2010Prop37
 90
       50
102
RTVSPost2010PropOp37
 70
     1
102
RTVSPost2010Prop38
140
0.0
102
RTVSPost2010PropOp38
 70
     1
102
RTVSPost2010Prop39
140
1.0
102
RTVSPost2010PropOp39
 70
     1
102
RTVSPost2010Prop40
 90
        0
102
RTVSPost2010PropOp40
 70
     1
102
RTVSPost2010Prop41ColorIndex
 90
       18
102
RTVSPost2010Prop41ColorRGB
 90
        0
102
RTVSPost2010PropOp41
 70
     1
102
RTVSPost2010Prop42
 90
       50
102
RTVSPost2010PropOp42
 70
     1
102
RTVSPost2010Prop43
 90
        3
102
RTVSPost2010PropOp43
 70
     1
102
RTVSPost2010Prop44ColorIndex
 90
        5
102
RTVSPost2010Prop44ColorRGB
 90
      255
102
RTVSPost2010PropOp44
 70
     1
102
RTVSPost2010Prop45
280
     0
102
RTVSPost2010PropOp45
 70
     1
102
RTVSPost2010Prop46
 90
       50
102
RTVSPost2010PropOp46
 70
     1
102
RTVSPost2010Prop47
 90
       50
102
RTVSPost2010PropOp47
 70
     1
102
RTVSPost2010Prop48
 90
       50
102
RTVSPost2010PropOp48
 70
     1
102
RTVSPost2010Prop49
280
     0
102
RTVSPost2010PropOp49
 70
     1
102
RTVSPost2010Prop50
 90
       50
102
RTVSPost2010PropOp50
 70
     1
102
RTVSPost2010Prop51ColorIndex
 90
      256
102
RTVSPost2010Prop51ColorRGB
 90
-16777216
102
RTVSPost2010PropOp51
 70
     0
102
RTVSPost2010Prop52
140
1.0
102
RTVSPost2010PropOp52
 70
     0
102
RTVSPost2010Prop53
 90
        2
102
RTVSPost2010PropOp53
 70
     1
102
RTVSPost2010Prop54
  1
strokes_ogs.tif
102
RTVSPost2010PropOp54
 70
     1
102
RTVSPost2010Prop55
280
     0
102
RTVSPost2010PropOp55
 70
     1
102
RTVSPost2010Prop56
140
1.0
102
RTVSPost2010PropOp56
 70
     1
102
RTVSPost2010Prop57
140
1.0
102
RTVSPost2010PropOp57
 70
     1
  0
XRECORD
  5
F35
102
{ACAD_REACTORS
330
F34
102
}
330
F34
100
AcDbXrecord
280
     1
102
RTVSPost2010Prop28
280
     0
102
RTVSPost2010PropOp28
 70
     1
102
RTVSPost2010Prop29
280
     1
102
RTVSPost2010PropOp29
 70
     1
102
RTVSPost2010Prop30
280
     1
102
RTVSPost2010PropOp30
 70
     1
102
RTVSPost2010Prop31
280
     0
102
RTVSPost2010PropOp31
 70
     1
102
RTVSPost2010Prop32
280
     0
102
RTVSPost2010PropOp32
 70
     1
102
RTVSPost2010Prop33
280
     0
102
RTVSPost2010PropOp33
 70
     1
102
RTVSPost2010Prop34
280
     0
102
RTVSPost2010PropOp34
 70
     1
102
RTVSPost2010Prop35
280
     0
102
RTVSPost2010PropOp35
 70
     1
102
RTVSPost2010Prop36
280
     0
102
RTVSPost2010PropOp36
 70
     1
102
RTVSPost2010Prop37
 90
       50
102
RTVSPost2010PropOp37
 70
     1
102
RTVSPost2010Prop38
140
0.0
102
RTVSPost2010PropOp38
 70
     1
102
RTVSPost2010Prop39
140
1.0
102
RTVSPost2010PropOp39
 70
     1
102
RTVSPost2010Prop40
 90
        0
102
RTVSPost2010PropOp40
 70
     1
102
RTVSPost2010Prop41ColorIndex
 90
       18
102
RTVSPost2010Prop41ColorRGB
 90
        0
102
RTVSPost2010PropOp41
 70
     1
102
RTVSPost2010Prop42
 90
       50
102
RTVSPost2010PropOp42
 70
     1
102
RTVSPost2010Prop43
 90
        3
102
RTVSPost2010PropOp43
 70
     1
102
RTVSPost2010Prop44ColorIndex
 90
        5
102
RTVSPost2010Prop44ColorRGB
 90
      255
102
RTVSPost2010PropOp44
 70
     1
102
RTVSPost2010Prop45
280
     0
102
RTVSPost2010PropOp45
 70
     1
102
RTVSPost2010Prop46
 90
       50
102
RTVSPost2010PropOp46
 70
     1
102
RTVSPost2010Prop47
 90
       50
102
RTVSPost2010PropOp47
 70
     1
102
RTVSPost2010Prop48
 90
       50
102
RTVSPost2010PropOp48
 70
     1
102
RTVSPost2010Prop49
280
     0
102
RTVSPost2010PropOp49
 70
     1
102
RTVSPost2010Prop50
 90
       50
102
RTVSPost2010PropOp50
 70
     1
102
RTVSPost2010Prop51ColorIndex
 90
      256
102
RTVSPost2010Prop51ColorRGB
 90
-16777216
102
RTVSPost2010PropOp51
 70
     0
102
RTVSPost2010Prop52
140
1.0
102
RTVSPost2010PropOp52
 70
     0
102
RTVSPost2010Prop53
 90
        2
102
RTVSPost2010PropOp53
 70
     1
102
RTVSPost2010Prop54
  1
strokes_ogs.tif
102
RTVSPost2010PropOp54
 70
     1
102
RTVSPost2010Prop55
280
     0
102
RTVSPost2010PropOp55
 70
     1
102
RTVSPost2010Prop56
140
1.0
102
RTVSPost2010PropOp56
 70
     1
102
RTVSPost2010Prop57
140
1.0
102
RTVSPost2010PropOp57
 70
     1
  0
XRECORD
  5
F37
102
{ACAD_REACTORS
330
F36
102
}
330
F36
100
AcDbXrecord
280
     1
102
RTVSPost2010Prop28
280
     0
102
RTVSPost2010PropOp28
 70
     1
102
RTVSPost2010Prop29
280
     1
102
RTVSPost2010PropOp29
 70
     1
102
RTVSPost2010Prop30
280
     1
102
RTVSPost2010PropOp30
 70
     1
102
RTVSPost2010Prop31
280
     0
102
RTVSPost2010PropOp31
 70
     1
102
RTVSPost2010Prop32
280
     0
102
RTVSPost2010PropOp32
 70
     1
102
RTVSPost2010Prop33
280
     0
102
RTVSPost2010PropOp33
 70
     1
102
RTVSPost2010Prop34
280
     0
102
RTVSPost2010PropOp34
 70
     1
102
RTVSPost2010Prop35
280
     0
102
RTVSPost2010PropOp35
 70
     1
102
RTVSPost2010Prop36
280
     0
102
RTVSPost2010PropOp36
 70
     1
102
RTVSPost2010Prop37
 90
       50
102
RTVSPost2010PropOp37
 70
     1
102
RTVSPost2010Prop38
140
0.0
102
RTVSPost2010PropOp38
 70
     1
102
RTVSPost2010Prop39
140
1.0
102
RTVSPost2010PropOp39
 70
     1
102
RTVSPost2010Prop40
 90
        0
102
RTVSPost2010PropOp40
 70
     1
102
RTVSPost2010Prop41ColorIndex
 90
       18
102
RTVSPost2010Prop41ColorRGB
 90
        0
102
RTVSPost2010PropOp41
 70
     1
102
RTVSPost2010Prop42
 90
       50
102
RTVSPost2010PropOp42
 70
     1
102
RTVSPost2010Prop43
 90
        3
102
RTVSPost2010PropOp43
 70
     1
102
RTVSPost2010Prop44ColorIndex
 90
        5
102
RTVSPost2010Prop44ColorRGB
 90
      255
102
RTVSPost2010PropOp44
 70
     1
102
RTVSPost2010Prop45
280
     0
102
RTVSPost2010PropOp45
 70
     1
102
RTVSPost2010Prop46
 90
       50
102
RTVSPost2010PropOp46
 70
     1
102
RTVSPost2010Prop47
 90
       50
102
RTVSPost2010PropOp47
 70
     1
102
RTVSPost2010Prop48
 90
       50
102
RTVSPost2010PropOp48
 70
     1
102
RTVSPost2010Prop49
280
     0
102
RTVSPost2010PropOp49
 70
     1
102
RTVSPost2010Prop50
 90
       50
102
RTVSPost2010PropOp50
 70
     1
102
RTVSPost2010Prop51ColorIndex
 90
      256
102
RTVSPost2010Prop51ColorRGB
 90
-16777216
102
RTVSPost2010PropOp51
 70
     0
102
RTVSPost2010Prop52
140
1.0
102
RTVSPost2010PropOp52
 70
     0
102
RTVSPost2010Prop53
 90
        2
102
RTVSPost2010PropOp53
 70
     1
102
RTVSPost2010Prop54
  1
strokes_ogs.tif
102
RTVSPost2010PropOp54
 70
     1
102
RTVSPost2010Prop55
280
     0
102
RTVSPost2010PropOp55
 70
     1
102
RTVSPost2010Prop56
140
1.0
102
RTVSPost2010PropOp56
 70
     1
102
RTVSPost2010Prop57
140
1.0
102
RTVSPost2010PropOp57
 70
     1
  0
XRECORD
  5
F39
102
{ACAD_REACTORS
330
F38
102
}
330
F38
100
AcDbXrecord
280
     1
102
RTVSPost2010Prop28
280
     0
102
RTVSPost2010PropOp28
 70
     1
102
RTVSPost2010Prop29
280
     1
102
RTVSPost2010PropOp29
 70
     1
102
RTVSPost2010Prop30
280
     1
102
RTVSPost2010PropOp30
 70
     1
102
RTVSPost2010Prop31
280
     0
102
RTVSPost2010PropOp31
 70
     1
102
RTVSPost2010Prop32
280
     0
102
RTVSPost2010PropOp32
 70
     1
102
RTVSPost2010Prop33
280
     0
102
RTVSPost2010PropOp33
 70
     1
102
RTVSPost2010Prop34
280
     0
102
RTVSPost2010PropOp34
 70
     1
102
RTVSPost2010Prop35
280
     0
102
RTVSPost2010PropOp35
 70
     1
102
RTVSPost2010Prop36
280
     0
102
RTVSPost2010PropOp36
 70
     1
102
RTVSPost2010Prop37
 90
       50
102
RTVSPost2010PropOp37
 70
     1
102
RTVSPost2010Prop38
140
0.0
102
RTVSPost2010PropOp38
 70
     1
102
RTVSPost2010Prop39
140
1.0
102
RTVSPost2010PropOp39
 70
     1
102
RTVSPost2010Prop40
 90
        0
102
RTVSPost2010PropOp40
 70
     1
102
RTVSPost2010Prop41ColorIndex
 90
       18
102
RTVSPost2010Prop41ColorRGB
 90
        0
102
RTVSPost2010PropOp41
 70
     1
102
RTVSPost2010Prop42
 90
       50
102
RTVSPost2010PropOp42
 70
     1
102
RTVSPost2010Prop43
 90
        3
102
RTVSPost2010PropOp43
 70
     1
102
RTVSPost2010Prop44ColorIndex
 90
        5
102
RTVSPost2010Prop44ColorRGB
 90
      255
102
RTVSPost2010PropOp44
 70
     1
102
RTVSPost2010Prop45
280
     0
102
RTVSPost2010PropOp45
 70
     1
102
RTVSPost2010Prop46
 90
       50
102
RTVSPost2010PropOp46
 70
     1
102
RTVSPost2010Prop47
 90
       50
102
RTVSPost2010PropOp47
 70
     1
102
RTVSPost2010Prop48
 90
       50
102
RTVSPost2010PropOp48
 70
     1
102
RTVSPost2010Prop49
280
     0
102
RTVSPost2010PropOp49
 70
     1
102
RTVSPost2010Prop50
 90
       50
102
RTVSPost2010PropOp50
 70
     1
102
RTVSPost2010Prop51ColorIndex
 90
      256
102
RTVSPost2010Prop51ColorRGB
 90
-16777216
102
RTVSPost2010PropOp51
 70
     0
102
RTVSPost2010Prop52
140
1.0
102
RTVSPost2010PropOp52
 70
     0
102
RTVSPost2010Prop53
 90
        2
102
RTVSPost2010PropOp53
 70
     1
102
RTVSPost2010Prop54
  1
strokes_ogs.tif
102
RTVSPost2010PropOp54
 70
     1
102
RTVSPost2010Prop55
280
     0
102
RTVSPost2010PropOp55
 70
     1
102
RTVSPost2010Prop56
140
1.0
102
RTVSPost2010PropOp56
 70
     1
102
RTVSPost2010Prop57
140
1.0
102
RTVSPost2010PropOp57
 70
     1
  0
XRECORD
  5
F3F
102
{ACAD_REACTORS
330
F3E
102
}
330
F3E
100
AcDbXrecord
280
     1
102
RTVSPost2010Prop28
280
     0
102
RTVSPost2010PropOp28
 70
     1
102
RTVSPost2010Prop29
280
     1
102
RTVSPost2010PropOp29
 70
     1
102
RTVSPost2010Prop30
280
     1
102
RTVSPost2010PropOp30
 70
     1
102
RTVSPost2010Prop31
280
     0
102
RTVSPost2010PropOp31
 70
     1
102
RTVSPost2010Prop32
280
     0
102
RTVSPost2010PropOp32
 70
     1
102
RTVSPost2010Prop33
280
     0
102
RTVSPost2010PropOp33
 70
     1
102
RTVSPost2010Prop34
280
     0
102
RTVSPost2010PropOp34
 70
     1
102
RTVSPost2010Prop35
280
     0
102
RTVSPost2010PropOp35
 70
     1
102
RTVSPost2010Prop36
280
     0
102
RTVSPost2010PropOp36
 70
     1
102
RTVSPost2010Prop37
 90
       50
102
RTVSPost2010PropOp37
 70
     1
102
RTVSPost2010Prop38
140
0.0
102
RTVSPost2010PropOp38
 70
     1
102
RTVSPost2010Prop39
140
1.0
102
RTVSPost2010PropOp39
 70
     1
102
RTVSPost2010Prop40
 90
        0
102
RTVSPost2010PropOp40
 70
     1
102
RTVSPost2010Prop41ColorIndex
 90
       18
102
RTVSPost2010Prop41ColorRGB
 90
        0
102
RTVSPost2010PropOp41
 70
     1
102
RTVSPost2010Prop42
 90
       50
102
RTVSPost2010PropOp42
 70
     1
102
RTVSPost2010Prop43
 90
        3
102
RTVSPost2010PropOp43
 70
     1
102
RTVSPost2010Prop44ColorIndex
 90
        5
102
RTVSPost2010Prop44ColorRGB
 90
      255
102
RTVSPost2010PropOp44
 70
     1
102
RTVSPost2010Prop45
280
     0
102
RTVSPost2010PropOp45
 70
     1
102
RTVSPost2010Prop46
 90
       50
102
RTVSPost2010PropOp46
 70
     1
102
RTVSPost2010Prop47
 90
       50
102
RTVSPost2010PropOp47
 70
     1
102
RTVSPost2010Prop48
 90
       50
102
RTVSPost2010PropOp48
 70
     1
102
RTVSPost2010Prop49
280
     0
102
RTVSPost2010PropOp49
 70
     1
102
RTVSPost2010Prop50
 90
       50
102
RTVSPost2010PropOp50
 70
     1
102
RTVSPost2010Prop51ColorIndex
 90
      256
102
RTVSPost2010Prop51ColorRGB
 90
-16777216
102
RTVSPost2010PropOp51
 70
     0
102
RTVSPost2010Prop52
140
1.0
102
RTVSPost2010PropOp52
 70
     0
102
RTVSPost2010Prop53
 90
        2
102
RTVSPost2010PropOp53
 70
     1
102
RTVSPost2010Prop54
  1
strokes_ogs.tif
102
RTVSPost2010PropOp54
 70
     1
102
RTVSPost2010Prop55
280
     0
102
RTVSPost2010PropOp55
 70
     1
102
RTVSPost2010Prop56
140
1.0
102
RTVSPost2010PropOp56
 70
     1
102
RTVSPost2010Prop57
140
1.0
102
RTVSPost2010PropOp57
 70
     1
  0
XRECORD
  5
F53
102
{ACAD_REACTORS
330
F52
102
}
330
F52
100
AcDbXrecord
280
     1
102
RTVSPost2010Prop28
280
     0
102
RTVSPost2010PropOp28
 70
     0
102
RTVSPost2010Prop29
280
     1
102
RTVSPost2010PropOp29
 70
     0
102
RTVSPost2010Prop30
280
     1
102
RTVSPost2010PropOp30
 70
     0
102
RTVSPost2010Prop31
280
     0
102
RTVSPost2010PropOp31
 70
     0
102
RTVSPost2010Prop32
280
     0
102
RTVSPost2010PropOp32
 70
     0
102
RTVSPost2010Prop33
280
     0
102
RTVSPost2010PropOp33
 70
     0
102
RTVSPost2010Prop34
280
     0
102
RTVSPost2010PropOp34
 70
     0
102
RTVSPost2010Prop35
280
     0
102
RTVSPost2010PropOp35
 70
     0
102
RTVSPost2010Prop36
280
     0
102
RTVSPost2010PropOp36
 70
     0
102
RTVSPost2010Prop37
 90
       50
102
RTVSPost2010PropOp37
 70
     0
102
RTVSPost2010Prop38
140
0.0
102
RTVSPost2010PropOp38
 70
     0
102
RTVSPost2010Prop39
140
1.0
102
RTVSPost2010PropOp39
 70
     0
102
RTVSPost2010Prop40
 90
        0
102
RTVSPost2010PropOp40
 70
     0
102
RTVSPost2010Prop41ColorIndex
 90
       18
102
RTVSPost2010Prop41ColorRGB
 90
        0
102
RTVSPost2010PropOp41
 70
     0
102
RTVSPost2010Prop42
 90
       50
102
RTVSPost2010PropOp42
 70
     0
102
RTVSPost2010Prop43
 90
        3
102
RTVSPost2010PropOp43
 70
     0
102
RTVSPost2010Prop44ColorIndex
 90
        5
102
RTVSPost2010Prop44ColorRGB
 90
      255
102
RTVSPost2010PropOp44
 70
     0
102
RTVSPost2010Prop45
280
     0
102
RTVSPost2010PropOp45
 70
     0
102
RTVSPost2010Prop46
 90
       50
102
RTVSPost2010PropOp46
 70
     0
102
RTVSPost2010Prop47
 90
       50
102
RTVSPost2010PropOp47
 70
     0
102
RTVSPost2010Prop48
 90
       50
102
RTVSPost2010PropOp48
 70
     0
102
RTVSPost2010Prop49
280
     0
102
RTVSPost2010PropOp49
 70
     0
102
RTVSPost2010Prop50
 90
       50
102
RTVSPost2010PropOp50
 70
     0
102
RTVSPost2010Prop51ColorIndex
 90
      256
102
RTVSPost2010Prop51ColorRGB
 90
-16777216
102
RTVSPost2010PropOp51
 70
     0
102
RTVSPost2010Prop52
140
1.0
102
RTVSPost2010PropOp52
 70
     0
102
RTVSPost2010Prop53
 90
        2
102
RTVSPost2010PropOp53
 70
     0
102
RTVSPost2010Prop54
  1
strokes_ogs.tif
102
RTVSPost2010PropOp54
 70
     0
102
RTVSPost2010Prop55
280
     0
102
RTVSPost2010PropOp55
 70
     0
102
RTVSPost2010Prop56
140
1.0
102
RTVSPost2010PropOp56
 70
     0
102
RTVSPost2010Prop57
140
1.0
102
RTVSPost2010PropOp57
 70
     0
  0
XRECORD
  5
F4D
102
{ACAD_REACTORS
330
F4C
102
}
330
F4C
100
AcDbXrecord
280
     1
102
RTVSPost2010Prop28
280
     0
102
RTVSPost2010PropOp28
 70
     1
102
RTVSPost2010Prop29
280
     1
102
RTVSPost2010PropOp29
 70
     1
102
RTVSPost2010Prop30
280
     1
102
RTVSPost2010PropOp30
 70
     1
102
RTVSPost2010Prop31
280
     0
102
RTVSPost2010PropOp31
 70
     1
102
RTVSPost2010Prop32
280
     0
102
RTVSPost2010PropOp32
 70
     1
102
RTVSPost2010Prop33
280
     0
102
RTVSPost2010PropOp33
 70
     1
102
RTVSPost2010Prop34
280
     0
102
RTVSPost2010PropOp34
 70
     1
102
RTVSPost2010Prop35
280
     0
102
RTVSPost2010PropOp35
 70
     1
102
RTVSPost2010Prop36
280
     0
102
RTVSPost2010PropOp36
 70
     1
102
RTVSPost2010Prop37
 90
       50
102
RTVSPost2010PropOp37
 70
     1
102
RTVSPost2010Prop38
140
0.0
102
RTVSPost2010PropOp38
 70
     1
102
RTVSPost2010Prop39
140
1.0
102
RTVSPost2010PropOp39
 70
     1
102
RTVSPost2010Prop40
 90
        0
102
RTVSPost2010PropOp40
 70
     1
102
RTVSPost2010Prop41ColorIndex
 90
       18
102
RTVSPost2010Prop41ColorRGB
 90
        0
102
RTVSPost2010PropOp41
 70
     1
102
RTVSPost2010Prop42
 90
       50
102
RTVSPost2010PropOp42
 70
     1
102
RTVSPost2010Prop43
 90
        3
102
RTVSPost2010PropOp43
 70
     1
102
RTVSPost2010Prop44ColorIndex
 90
        5
102
RTVSPost2010Prop44ColorRGB
 90
      255
102
RTVSPost2010PropOp44
 70
     1
102
RTVSPost2010Prop45
280
     0
102
RTVSPost2010PropOp45
 70
     1
102
RTVSPost2010Prop46
 90
       50
102
RTVSPost2010PropOp46
 70
     1
102
RTVSPost2010Prop47
 90
       50
102
RTVSPost2010PropOp47
 70
     1
102
RTVSPost2010Prop48
 90
       50
102
RTVSPost2010PropOp48
 70
     1
102
RTVSPost2010Prop49
280
     0
102
RTVSPost2010PropOp49
 70
     1
102
RTVSPost2010Prop50
 90
       50
102
RTVSPost2010PropOp50
 70
     1
102
RTVSPost2010Prop51ColorIndex
 90
      256
102
RTVSPost2010Prop51ColorRGB
 90
-16777216
102
RTVSPost2010PropOp51
 70
     0
102
RTVSPost2010Prop52
140
1.0
102
RTVSPost2010PropOp52
 70
     0
102
RTVSPost2010Prop53
 90
        2
102
RTVSPost2010PropOp53
 70
     1
102
RTVSPost2010Prop54
  1
strokes_ogs.tif
102
RTVSPost2010PropOp54
 70
     1
102
RTVSPost2010Prop55
280
     0
102
RTVSPost2010PropOp55
 70
     1
102
RTVSPost2010Prop56
140
1.0
102
RTVSPost2010PropOp56
 70
     1
102
RTVSPost2010Prop57
140
1.0
102
RTVSPost2010PropOp57
 70
     1
  0
XRECORD
  5
F55
102
{ACAD_REACTORS
330
F54
102
}
330
F54
100
AcDbXrecord
280
     1
102
RTVSPost2010Prop28
280
     0
102
RTVSPost2010PropOp28
 70
     0
102
RTVSPost2010Prop29
280
     1
102
RTVSPost2010PropOp29
 70
     0
102
RTVSPost2010Prop30
280
     1
102
RTVSPost2010PropOp30
 70
     0
102
RTVSPost2010Prop31
280
     0
102
RTVSPost2010PropOp31
 70
     0
102
RTVSPost2010Prop32
280
     0
102
RTVSPost2010PropOp32
 70
     0
102
RTVSPost2010Prop33
280
     0
102
RTVSPost2010PropOp33
 70
     0
102
RTVSPost2010Prop34
280
     0
102
RTVSPost2010PropOp34
 70
     0
102
RTVSPost2010Prop35
280
     0
102
RTVSPost2010PropOp35
 70
     0
102
RTVSPost2010Prop36
280
     0
102
RTVSPost2010PropOp36
 70
     0
102
RTVSPost2010Prop37
 90
       50
102
RTVSPost2010PropOp37
 70
     0
102
RTVSPost2010Prop38
140
0.0
102
RTVSPost2010PropOp38
 70
     0
102
RTVSPost2010Prop39
140
1.0
102
RTVSPost2010PropOp39
 70
     0
102
RTVSPost2010Prop40
 90
        0
102
RTVSPost2010PropOp40
 70
     0
102
RTVSPost2010Prop41ColorIndex
 90
       18
102
RTVSPost2010Prop41ColorRGB
 90
        0
102
RTVSPost2010PropOp41
 70
     0
102
RTVSPost2010Prop42
 90
       50
102
RTVSPost2010PropOp42
 70
     0
102
RTVSPost2010Prop43
 90
        3
102
RTVSPost2010PropOp43
 70
     0
102
RTVSPost2010Prop44ColorIndex
 90
        5
102
RTVSPost2010Prop44ColorRGB
 90
      255
102
RTVSPost2010PropOp44
 70
     0
102
RTVSPost2010Prop45
280
     0
102
RTVSPost2010PropOp45
 70
     0
102
RTVSPost2010Prop46
 90
       50
102
RTVSPost2010PropOp46
 70
     0
102
RTVSPost2010Prop47
 90
       50
102
RTVSPost2010PropOp47
 70
     0
102
RTVSPost2010Prop48
 90
       50
102
RTVSPost2010PropOp48
 70
     0
102
RTVSPost2010Prop49
280
     0
102
RTVSPost2010PropOp49
 70
     0
102
RTVSPost2010Prop50
 90
       50
102
RTVSPost2010PropOp50
 70
     0
102
RTVSPost2010Prop51ColorIndex
 90
      256
102
RTVSPost2010Prop51ColorRGB
 90
-16777216
102
RTVSPost2010PropOp51
 70
     0
102
RTVSPost2010Prop52
140
1.0
102
RTVSPost2010PropOp52
 70
     0
102
RTVSPost2010Prop53
 90
        2
102
RTVSPost2010PropOp53
 70
     0
102
RTVSPost2010Prop54
  1
strokes_ogs.tif
102
RTVSPost2010PropOp54
 70
     0
102
RTVSPost2010Prop55
280
     0
102
RTVSPost2010PropOp55
 70
     0
102
RTVSPost2010Prop56
140
1.0
102
RTVSPost2010PropOp56
 70
     0
102
RTVSPost2010Prop57
140
1.0
102
RTVSPost2010PropOp57
 70
     0
  0
XRECORD
  5
F43
102
{ACAD_REACTORS
330
F42
102
}
330
F42
100
AcDbXrecord
280
     1
102
RTVSPost2010Prop28
280
     0
102
RTVSPost2010PropOp28
 70
     1
102
RTVSPost2010Prop29
280
     1
102
RTVSPost2010PropOp29
 70
     1
102
RTVSPost2010Prop30
280
     1
102
RTVSPost2010PropOp30
 70
     1
102
RTVSPost2010Prop31
280
     0
102
RTVSPost2010PropOp31
 70
     1
102
RTVSPost2010Prop32
280
     0
102
RTVSPost2010PropOp32
 70
     1
102
RTVSPost2010Prop33
280
     0
102
RTVSPost2010PropOp33
 70
     1
102
RTVSPost2010Prop34
280
     0
102
RTVSPost2010PropOp34
 70
     1
102
RTVSPost2010Prop35
280
     0
102
RTVSPost2010PropOp35
 70
     1
102
RTVSPost2010Prop36
280
     0
102
RTVSPost2010PropOp36
 70
     1
102
RTVSPost2010Prop37
 90
       50
102
RTVSPost2010PropOp37
 70
     1
102
RTVSPost2010Prop38
140
0.0
102
RTVSPost2010PropOp38
 70
     1
102
RTVSPost2010Prop39
140
1.0
102
RTVSPost2010PropOp39
 70
     1
102
RTVSPost2010Prop40
 90
        0
102
RTVSPost2010PropOp40
 70
     1
102
RTVSPost2010Prop41ColorIndex
 90
       18
102
RTVSPost2010Prop41ColorRGB
 90
        0
102
RTVSPost2010PropOp41
 70
     1
102
RTVSPost2010Prop42
 90
       50
102
RTVSPost2010PropOp42
 70
     1
102
RTVSPost2010Prop43
 90
        3
102
RTVSPost2010PropOp43
 70
     1
102
RTVSPost2010Prop44ColorIndex
 90
        5
102
RTVSPost2010Prop44ColorRGB
 90
      255
102
RTVSPost2010PropOp44
 70
     1
102
RTVSPost2010Prop45
280
     0
102
RTVSPost2010PropOp45
 70
     1
102
RTVSPost2010Prop46
 90
       50
102
RTVSPost2010PropOp46
 70
     1
102
RTVSPost2010Prop47
 90
       50
102
RTVSPost2010PropOp47
 70
     1
102
RTVSPost2010Prop48
 90
       50
102
RTVSPost2010PropOp48
 70
     1
102
RTVSPost2010Prop49
280
     0
102
RTVSPost2010PropOp49
 70
     1
102
RTVSPost2010Prop50
 90
       50
102
RTVSPost2010PropOp50
 70
     1
102
RTVSPost2010Prop51ColorIndex
 90
      256
102
RTVSPost2010Prop51ColorRGB
 90
-16777216
102
RTVSPost2010PropOp51
 70
     0
102
RTVSPost2010Prop52
140
1.0
102
RTVSPost2010PropOp52
 70
     0
102
RTVSPost2010Prop53
 90
        2
102
RTVSPost2010PropOp53
 70
     1
102
RTVSPost2010Prop54
  1
strokes_ogs.tif
102
RTVSPost2010PropOp54
 70
     1
102
RTVSPost2010Prop55
280
     0
102
RTVSPost2010PropOp55
 70
     1
102
RTVSPost2010Prop56
140
1.0
102
RTVSPost2010PropOp56
 70
     1
102
RTVSPost2010Prop57
140
1.0
102
RTVSPost2010PropOp57
 70
     1
  0
XRECORD
  5
F61
102
{ACAD_REACTORS
330
F60
102
}
330
F60
100
AcDbXrecord
280
     1
102
RTVSPost2010Prop28
280
     0
102
RTVSPost2010PropOp28
 70
     1
102
RTVSPost2010Prop29
280
     1
102
RTVSPost2010PropOp29
 70
     1
102
RTVSPost2010Prop30
280
     1
102
RTVSPost2010PropOp30
 70
     1
102
RTVSPost2010Prop31
280
     0
102
RTVSPost2010PropOp31
 70
     1
102
RTVSPost2010Prop32
280
     0
102
RTVSPost2010PropOp32
 70
     1
102
RTVSPost2010Prop33
280
     0
102
RTVSPost2010PropOp33
 70
     1
102
RTVSPost2010Prop34
280
     0
102
RTVSPost2010PropOp34
 70
     1
102
RTVSPost2010Prop35
280
     0
102
RTVSPost2010PropOp35
 70
     1
102
RTVSPost2010Prop36
280
     0
102
RTVSPost2010PropOp36
 70
     1
102
RTVSPost2010Prop37
 90
       50
102
RTVSPost2010PropOp37
 70
     1
102
RTVSPost2010Prop38
140
0.0
102
RTVSPost2010PropOp38
 70
     1
102
RTVSPost2010Prop39
140
1.0
102
RTVSPost2010PropOp39
 70
     1
102
RTVSPost2010Prop40
 90
        0
102
RTVSPost2010PropOp40
 70
     1
102
RTVSPost2010Prop41ColorIndex
 90
       18
102
RTVSPost2010Prop41ColorRGB
 90
        0
102
RTVSPost2010PropOp41
 70
     1
102
RTVSPost2010Prop42
 90
       50
102
RTVSPost2010PropOp42
 70
     1
102
RTVSPost2010Prop43
 90
        3
102
RTVSPost2010PropOp43
 70
     1
102
RTVSPost2010Prop44ColorIndex
 90
        5
102
RTVSPost2010Prop44ColorRGB
 90
      255
102
RTVSPost2010PropOp44
 70
     1
102
RTVSPost2010Prop45
280
     0
102
RTVSPost2010PropOp45
 70
     1
102
RTVSPost2010Prop46
 90
       50
102
RTVSPost2010PropOp46
 70
     1
102
RTVSPost2010Prop47
 90
       50
102
RTVSPost2010PropOp47
 70
     1
102
RTVSPost2010Prop48
 90
       50
102
RTVSPost2010PropOp48
 70
     1
102
RTVSPost2010Prop49
280
     0
102
RTVSPost2010PropOp49
 70
     1
102
RTVSPost2010Prop50
 90
       50
102
RTVSPost2010PropOp50
 70
     1
102
RTVSPost2010Prop51ColorIndex
 90
      256
102
RTVSPost2010Prop51ColorRGB
 90
-16777216
102
RTVSPost2010PropOp51
 70
     0
102
RTVSPost2010Prop52
140
1.0
102
RTVSPost2010PropOp52
 70
     0
102
RTVSPost2010Prop53
 90
        2
102
RTVSPost2010PropOp53
 70
     1
102
RTVSPost2010Prop54
  1
strokes_ogs.tif
102
RTVSPost2010PropOp54
 70
     1
102
RTVSPost2010Prop55
280
     0
102
RTVSPost2010PropOp55
 70
     1
102
RTVSPost2010Prop56
140
1.0
102
RTVSPost2010PropOp56
 70
     1
102
RTVSPost2010Prop57
140
1.0
102
RTVSPost2010PropOp57
 70
     1
  0
XRECORD
  5
F5F
102
{ACAD_REACTORS
330
F5E
102
}
330
F5E
100
AcDbXrecord
280
     1
102
RTVSPost2010Prop28
280
     0
102
RTVSPost2010PropOp28
 70
     1
102
RTVSPost2010Prop29
280
     1
102
RTVSPost2010PropOp29
 70
     1
102
RTVSPost2010Prop30
280
     1
102
RTVSPost2010PropOp30
 70
     1
102
RTVSPost2010Prop31
280
     0
102
RTVSPost2010PropOp31
 70
     1
102
RTVSPost2010Prop32
280
     0
102
RTVSPost2010PropOp32
 70
     1
102
RTVSPost2010Prop33
280
     0
102
RTVSPost2010PropOp33
 70
     1
102
RTVSPost2010Prop34
280
     0
102
RTVSPost2010PropOp34
 70
     1
102
RTVSPost2010Prop35
280
     0
102
RTVSPost2010PropOp35
 70
     1
102
RTVSPost2010Prop36
280
     0
102
RTVSPost2010PropOp36
 70
     1
102
RTVSPost2010Prop37
 90
       50
102
RTVSPost2010PropOp37
 70
     1
102
RTVSPost2010Prop38
140
0.0
102
RTVSPost2010PropOp38
 70
     1
102
RTVSPost2010Prop39
140
1.0
102
RTVSPost2010PropOp39
 70
     1
102
RTVSPost2010Prop40
 90
        0
102
RTVSPost2010PropOp40
 70
     1
102
RTVSPost2010Prop41ColorIndex
 90
       18
102
RTVSPost2010Prop41ColorRGB
 90
        0
102
RTVSPost2010PropOp41
 70
     1
102
RTVSPost2010Prop42
 90
       50
102
RTVSPost2010PropOp42
 70
     1
102
RTVSPost2010Prop43
 90
        3
102
RTVSPost2010PropOp43
 70
     1
102
RTVSPost2010Prop44ColorIndex
 90
        5
102
RTVSPost2010Prop44ColorRGB
 90
      255
102
RTVSPost2010PropOp44
 70
     1
102
RTVSPost2010Prop45
280
     0
102
RTVSPost2010PropOp45
 70
     1
102
RTVSPost2010Prop46
 90
       50
102
RTVSPost2010PropOp46
 70
     1
102
RTVSPost2010Prop47
 90
       50
102
RTVSPost2010PropOp47
 70
     1
102
RTVSPost2010Prop48
 90
       50
102
RTVSPost2010PropOp48
 70
     1
102
RTVSPost2010Prop49
280
     0
102
RTVSPost2010PropOp49
 70
     1
102
RTVSPost2010Prop50
 90
       50
102
RTVSPost2010PropOp50
 70
     1
102
RTVSPost2010Prop51ColorIndex
 90
      256
102
RTVSPost2010Prop51ColorRGB
 90
-16777216
102
RTVSPost2010PropOp51
 70
     0
102
RTVSPost2010Prop52
140
1.0
102
RTVSPost2010PropOp52
 70
     0
102
RTVSPost2010Prop53
 90
        2
102
RTVSPost2010PropOp53
 70
     1
102
RTVSPost2010Prop54
  1
strokes_ogs.tif
102
RTVSPost2010PropOp54
 70
     1
102
RTVSPost2010Prop55
280
     0
102
RTVSPost2010PropOp55
 70
     1
102
RTVSPost2010Prop56
140
1.0
102
RTVSPost2010PropOp56
 70
     1
102
RTVSPost2010Prop57
140
1.0
102
RTVSPost2010PropOp57
 70
     1
  0
XRECORD
  5
F59
102
{ACAD_REACTORS
330
F58
102
}
330
F58
100
AcDbXrecord
280
     1
102
RTVSPost2010Prop28
280
     0
102
RTVSPost2010PropOp28
 70
     1
102
RTVSPost2010Prop29
280
     1
102
RTVSPost2010PropOp29
 70
     1
102
RTVSPost2010Prop30
280
     1
102
RTVSPost2010PropOp30
 70
     1
102
RTVSPost2010Prop31
280
     0
102
RTVSPost2010PropOp31
 70
     1
102
RTVSPost2010Prop32
280
     0
102
RTVSPost2010PropOp32
 70
     1
102
RTVSPost2010Prop33
280
     0
102
RTVSPost2010PropOp33
 70
     1
102
RTVSPost2010Prop34
280
     0
102
RTVSPost2010PropOp34
 70
     1
102
RTVSPost2010Prop35
280
     0
102
RTVSPost2010PropOp35
 70
     1
102
RTVSPost2010Prop36
280
     0
102
RTVSPost2010PropOp36
 70
     1
102
RTVSPost2010Prop37
 90
       50
102
RTVSPost2010PropOp37
 70
     1
102
RTVSPost2010Prop38
140
0.0
102
RTVSPost2010PropOp38
 70
     1
102
RTVSPost2010Prop39
140
1.0
102
RTVSPost2010PropOp39
 70
     1
102
RTVSPost2010Prop40
 90
        0
102
RTVSPost2010PropOp40
 70
     1
102
RTVSPost2010Prop41ColorIndex
 90
       18
102
RTVSPost2010Prop41ColorRGB
 90
        0
102
RTVSPost2010PropOp41
 70
     1
102
RTVSPost2010Prop42
 90
       50
102
RTVSPost2010PropOp42
 70
     1
102
RTVSPost2010Prop43
 90
        3
102
RTVSPost2010PropOp43
 70
     1
102
RTVSPost2010Prop44ColorIndex
 90
        5
102
RTVSPost2010Prop44ColorRGB
 90
      255
102
RTVSPost2010PropOp44
 70
     1
102
RTVSPost2010Prop45
280
     0
102
RTVSPost2010PropOp45
 70
     1
102
RTVSPost2010Prop46
 90
       50
102
RTVSPost2010PropOp46
 70
     1
102
RTVSPost2010Prop47
 90
       50
102
RTVSPost2010PropOp47
 70
     1
102
RTVSPost2010Prop48
 90
       50
102
RTVSPost2010PropOp48
 70
     1
102
RTVSPost2010Prop49
280
     0
102
RTVSPost2010PropOp49
 70
     1
102
RTVSPost2010Prop50
 90
       50
102
RTVSPost2010PropOp50
 70
     1
102
RTVSPost2010Prop51ColorIndex
 90
      256
102
RTVSPost2010Prop51ColorRGB
 90
-16777216
102
RTVSPost2010PropOp51
 70
     0
102
RTVSPost2010Prop52
140
1.0
102
RTVSPost2010PropOp52
 70
     0
102
RTVSPost2010Prop53
 90
        2
102
RTVSPost2010PropOp53
 70
     1
102
RTVSPost2010Prop54
  1
strokes_ogs.tif
102
RTVSPost2010PropOp54
 70
     1
102
RTVSPost2010Prop55
280
     0
102
RTVSPost2010PropOp55
 70
     1
102
RTVSPost2010Prop56
140
1.0
102
RTVSPost2010PropOp56
 70
     1
102
RTVSPost2010Prop57
140
1.0
102
RTVSPost2010PropOp57
 70
     1
  0
XRECORD
  5
F5B
102
{ACAD_REACTORS
330
F5A
102
}
330
F5A
100
AcDbXrecord
280
     1
102
RTVSPost2010Prop28
280
     0
102
RTVSPost2010PropOp28
 70
     1
102
RTVSPost2010Prop29
280
     1
102
RTVSPost2010PropOp29
 70
     1
102
RTVSPost2010Prop30
280
     1
102
RTVSPost2010PropOp30
 70
     1
102
RTVSPost2010Prop31
280
     0
102
RTVSPost2010PropOp31
 70
     1
102
RTVSPost2010Prop32
280
     0
102
RTVSPost2010PropOp32
 70
     1
102
RTVSPost2010Prop33
280
     0
102
RTVSPost2010PropOp33
 70
     1
102
RTVSPost2010Prop34
280
     0
102
RTVSPost2010PropOp34
 70
     1
102
RTVSPost2010Prop35
280
     0
102
RTVSPost2010PropOp35
 70
     1
102
RTVSPost2010Prop36
280
     0
102
RTVSPost2010PropOp36
 70
     1
102
RTVSPost2010Prop37
 90
       50
102
RTVSPost2010PropOp37
 70
     1
102
RTVSPost2010Prop38
140
0.0
102
RTVSPost2010PropOp38
 70
     1
102
RTVSPost2010Prop39
140
1.0
102
RTVSPost2010PropOp39
 70
     1
102
RTVSPost2010Prop40
 90
        0
102
RTVSPost2010PropOp40
 70
     1
102
RTVSPost2010Prop41ColorIndex
 90
       18
102
RTVSPost2010Prop41ColorRGB
 90
        0
102
RTVSPost2010PropOp41
 70
     1
102
RTVSPost2010Prop42
 90
       50
102
RTVSPost2010PropOp42
 70
     1
102
RTVSPost2010Prop43
 90
        3
102
RTVSPost2010PropOp43
 70
     1
102
RTVSPost2010Prop44ColorIndex
 90
        5
102
RTVSPost2010Prop44ColorRGB
 90
      255
102
RTVSPost2010PropOp44
 70
     1
102
RTVSPost2010Prop45
280
     0
102
RTVSPost2010PropOp45
 70
     1
102
RTVSPost2010Prop46
 90
       50
102
RTVSPost2010PropOp46
 70
     1
102
RTVSPost2010Prop47
 90
       50
102
RTVSPost2010PropOp47
 70
     1
102
RTVSPost2010Prop48
 90
       50
102
RTVSPost2010PropOp48
 70
     1
102
RTVSPost2010Prop49
280
     0
102
RTVSPost2010PropOp49
 70
     1
102
RTVSPost2010Prop50
 90
       50
102
RTVSPost2010PropOp50
 70
     1
102
RTVSPost2010Prop51ColorIndex
 90
      256
102
RTVSPost2010Prop51ColorRGB
 90
-16777216
102
RTVSPost2010PropOp51
 70
     0
102
RTVSPost2010Prop52
140
1.0
102
RTVSPost2010PropOp52
 70
     0
102
RTVSPost2010Prop53
 90
        2
102
RTVSPost2010PropOp53
 70
     1
102
RTVSPost2010Prop54
  1
strokes_ogs.tif
102
RTVSPost2010PropOp54
 70
     1
102
RTVSPost2010Prop55
280
     0
102
RTVSPost2010PropOp55
 70
     1
102
RTVSPost2010Prop56
140
1.0
102
RTVSPost2010PropOp56
 70
     1
102
RTVSPost2010Prop57
140
1.0
102
RTVSPost2010PropOp57
 70
     1
  0
XRECORD
  5
F4B
102
{ACAD_REACTORS
330
F4A
102
}
330
F4A
100
AcDbXrecord
280
     1
102
RTVSPost2010Prop28
280
     0
102
RTVSPost2010PropOp28
 70
     1
102
RTVSPost2010Prop29
280
     1
102
RTVSPost2010PropOp29
 70
     1
102
RTVSPost2010Prop30
280
     1
102
RTVSPost2010PropOp30
 70
     1
102
RTVSPost2010Prop31
280
     0
102
RTVSPost2010PropOp31
 70
     1
102
RTVSPost2010Prop32
280
     0
102
RTVSPost2010PropOp32
 70
     1
102
RTVSPost2010Prop33
280
     0
102
RTVSPost2010PropOp33
 70
     1
102
RTVSPost2010Prop34
280
     0
102
RTVSPost2010PropOp34
 70
     1
102
RTVSPost2010Prop35
280
     0
102
RTVSPost2010PropOp35
 70
     1
102
RTVSPost2010Prop36
280
     0
102
RTVSPost2010PropOp36
 70
     1
102
RTVSPost2010Prop37
 90
       50
102
RTVSPost2010PropOp37
 70
     1
102
RTVSPost2010Prop38
140
0.0
102
RTVSPost2010PropOp38
 70
     1
102
RTVSPost2010Prop39
140
1.0
102
RTVSPost2010PropOp39
 70
     1
102
RTVSPost2010Prop40
 90
        0
102
RTVSPost2010PropOp40
 70
     1
102
RTVSPost2010Prop41ColorIndex
 90
       18
102
RTVSPost2010Prop41ColorRGB
 90
        0
102
RTVSPost2010PropOp41
 70
     1
102
RTVSPost2010Prop42
 90
       50
102
RTVSPost2010PropOp42
 70
     1
102
RTVSPost2010Prop43
 90
        3
102
RTVSPost2010PropOp43
 70
     1
102
RTVSPost2010Prop44ColorIndex
 90
        5
102
RTVSPost2010Prop44ColorRGB
 90
      255
102
RTVSPost2010PropOp44
 70
     1
102
RTVSPost2010Prop45
280
     0
102
RTVSPost2010PropOp45
 70
     1
102
RTVSPost2010Prop46
 90
       50
102
RTVSPost2010PropOp46
 70
     1
102
RTVSPost2010Prop47
 90
       50
102
RTVSPost2010PropOp47
 70
     1
102
RTVSPost2010Prop48
 90
       50
102
RTVSPost2010PropOp48
 70
     1
102
RTVSPost2010Prop49
280
     0
102
RTVSPost2010PropOp49
 70
     1
102
RTVSPost2010Prop50
 90
       50
102
RTVSPost2010PropOp50
 70
     1
102
RTVSPost2010Prop51ColorIndex
 90
      256
102
RTVSPost2010Prop51ColorRGB
 90
-16777216
102
RTVSPost2010PropOp51
 70
     0
102
RTVSPost2010Prop52
140
1.0
102
RTVSPost2010PropOp52
 70
     0
102
RTVSPost2010Prop53
 90
        2
102
RTVSPost2010PropOp53
 70
     1
102
RTVSPost2010Prop54
  1
strokes_ogs.tif
102
RTVSPost2010PropOp54
 70
     1
102
RTVSPost2010Prop55
280
     0
102
RTVSPost2010PropOp55
 70
     1
102
RTVSPost2010Prop56
140
1.0
102
RTVSPost2010PropOp56
 70
     1
102
RTVSPost2010Prop57
140
1.0
102
RTVSPost2010PropOp57
 70
     1
  0
XRECORD
  5
F3D
102
{ACAD_REACTORS
330
F3C
102
}
330
F3C
100
AcDbXrecord
280
     1
102
RTVSPost2010Prop28
280
     0
102
RTVSPost2010PropOp28
 70
     1
102
RTVSPost2010Prop29
280
     1
102
RTVSPost2010PropOp29
 70
     1
102
RTVSPost2010Prop30
280
     1
102
RTVSPost2010PropOp30
 70
     1
102
RTVSPost2010Prop31
280
     0
102
RTVSPost2010PropOp31
 70
     1
102
RTVSPost2010Prop32
280
     0
102
RTVSPost2010PropOp32
 70
     1
102
RTVSPost2010Prop33
280
     0
102
RTVSPost2010PropOp33
 70
     1
102
RTVSPost2010Prop34
280
     0
102
RTVSPost2010PropOp34
 70
     1
102
RTVSPost2010Prop35
280
     0
102
RTVSPost2010PropOp35
 70
     1
102
RTVSPost2010Prop36
280
     0
102
RTVSPost2010PropOp36
 70
     1
102
RTVSPost2010Prop37
 90
       50
102
RTVSPost2010PropOp37
 70
     1
102
RTVSPost2010Prop38
140
0.0
102
RTVSPost2010PropOp38
 70
     1
102
RTVSPost2010Prop39
140
1.0
102
RTVSPost2010PropOp39
 70
     1
102
RTVSPost2010Prop40
 90
        0
102
RTVSPost2010PropOp40
 70
     1
102
RTVSPost2010Prop41ColorIndex
 90
       18
102
RTVSPost2010Prop41ColorRGB
 90
        0
102
RTVSPost2010PropOp41
 70
     1
102
RTVSPost2010Prop42
 90
       50
102
RTVSPost2010PropOp42
 70
     1
102
RTVSPost2010Prop43
 90
        3
102
RTVSPost2010PropOp43
 70
     1
102
RTVSPost2010Prop44ColorIndex
 90
        5
102
RTVSPost2010Prop44ColorRGB
 90
      255
102
RTVSPost2010PropOp44
 70
     1
102
RTVSPost2010Prop45
280
     0
102
RTVSPost2010PropOp45
 70
     1
102
RTVSPost2010Prop46
 90
       50
102
RTVSPost2010PropOp46
 70
     1
102
RTVSPost2010Prop47
 90
       50
102
RTVSPost2010PropOp47
 70
     1
102
RTVSPost2010Prop48
 90
       50
102
RTVSPost2010PropOp48
 70
     1
102
RTVSPost2010Prop49
280
     0
102
RTVSPost2010PropOp49
 70
     1
102
RTVSPost2010Prop50
 90
       50
102
RTVSPost2010PropOp50
 70
     1
102
RTVSPost2010Prop51ColorIndex
 90
      256
102
RTVSPost2010Prop51ColorRGB
 90
-16777216
102
RTVSPost2010PropOp51
 70
     0
102
RTVSPost2010Prop52
140
1.0
102
RTVSPost2010PropOp52
 70
     0
102
RTVSPost2010Prop53
 90
        2
102
RTVSPost2010PropOp53
 70
     1
102
RTVSPost2010Prop54
  1
strokes_ogs.tif
102
RTVSPost2010PropOp54
 70
     1
102
RTVSPost2010Prop55
280
     0
102
RTVSPost2010PropOp55
 70
     1
102
RTVSPost2010Prop56
140
1.0
102
RTVSPost2010PropOp56
 70
     1
102
RTVSPost2010Prop57
140
1.0
102
RTVSPost2010PropOp57
 70
     1
  0
XRECORD
  5
F5D
102
{ACAD_REACTORS
330
F5C
102
}
330
F5C
100
AcDbXrecord
280
     1
102
RTVSPost2010Prop28
280
     0
102
RTVSPost2010PropOp28
 70
     1
102
RTVSPost2010Prop29
280
     1
102
RTVSPost2010PropOp29
 70
     1
102
RTVSPost2010Prop30
280
     1
102
RTVSPost2010PropOp30
 70
     1
102
RTVSPost2010Prop31
280
     0
102
RTVSPost2010PropOp31
 70
     1
102
RTVSPost2010Prop32
280
     0
102
RTVSPost2010PropOp32
 70
     1
102
RTVSPost2010Prop33
280
     0
102
RTVSPost2010PropOp33
 70
     1
102
RTVSPost2010Prop34
280
     0
102
RTVSPost2010PropOp34
 70
     1
102
RTVSPost2010Prop35
280
     0
102
RTVSPost2010PropOp35
 70
     1
102
RTVSPost2010Prop36
280
     0
102
RTVSPost2010PropOp36
 70
     1
102
RTVSPost2010Prop37
 90
       50
102
RTVSPost2010PropOp37
 70
     1
102
RTVSPost2010Prop38
140
0.0
102
RTVSPost2010PropOp38
 70
     1
102
RTVSPost2010Prop39
140
1.0
102
RTVSPost2010PropOp39
 70
     1
102
RTVSPost2010Prop40
 90
        0
102
RTVSPost2010PropOp40
 70
     1
102
RTVSPost2010Prop41ColorIndex
 90
       18
102
RTVSPost2010Prop41ColorRGB
 90
        0
102
RTVSPost2010PropOp41
 70
     1
102
RTVSPost2010Prop42
 90
       50
102
RTVSPost2010PropOp42
 70
     1
102
RTVSPost2010Prop43
 90
        3
102
RTVSPost2010PropOp43
 70
     1
102
RTVSPost2010Prop44ColorIndex
 90
        5
102
RTVSPost2010Prop44ColorRGB
 90
      255
102
RTVSPost2010PropOp44
 70
     1
102
RTVSPost2010Prop45
280
     0
102
RTVSPost2010PropOp45
 70
     1
102
RTVSPost2010Prop46
 90
       50
102
RTVSPost2010PropOp46
 70
     1
102
RTVSPost2010Prop47
 90
       50
102
RTVSPost2010PropOp47
 70
     1
102
RTVSPost2010Prop48
 90
       50
102
RTVSPost2010PropOp48
 70
     1
102
RTVSPost2010Prop49
280
     0
102
RTVSPost2010PropOp49
 70
     1
102
RTVSPost2010Prop50
 90
       50
102
RTVSPost2010PropOp50
 70
     1
102
RTVSPost2010Prop51ColorIndex
 90
      256
102
RTVSPost2010Prop51ColorRGB
 90
-16777216
102
RTVSPost2010PropOp51
 70
     0
102
RTVSPost2010Prop52
140
1.0
102
RTVSPost2010PropOp52
 70
     0
102
RTVSPost2010Prop53
 90
        2
102
RTVSPost2010PropOp53
 70
     1
102
RTVSPost2010Prop54
  1
strokes_ogs.tif
102
RTVSPost2010PropOp54
 70
     1
102
RTVSPost2010Prop55
280
     0
102
RTVSPost2010PropOp55
 70
     1
102
RTVSPost2010Prop56
140
1.0
102
RTVSPost2010PropOp56
 70
     1
102
RTVSPost2010Prop57
140
1.0
102
RTVSPost2010PropOp57
 70
     1
  0
ENDSEC
  0
EOF
